{
    "numOperations": 15,
    "releaseTimes": [
        1,
        1,
        1,
        20,
        38,
        38,
        38,
        40,
        44,
        44,
        45,
        48,
        55,
        55,
        69
    ],
    "dueDates": [
        12,
        21,
        23,
        34,
        46,
        49,
        57,
        55,
        63,
        57,
        64,
        51,
        62,
        66,
        86
    ],
    "processingTimes": [
        5,
        14,
        12,
        3,
        8,
        9,
        9,
        3,
        11,
        12,
        7,
        1,
        6,
        6,
        7
    ],
    "powerConsumptions": [
        9.696781780089854,
        5.349215122699314,
        6.380513896496342,
        15.0564603116213,
        9.877836378281405,
        9.499939499286679,
        7.623944136964955,
        32.109737722718538,
        2.7984627038516276,
        6.0949101193368488,
        6.636861264623753,
        89.13277435039942,
        12.474309183830242,
        7.1612462789613009,
        12.5416378583746
    ],
    "maxDeviation": 3,
    "numMeteringIntervals": 45,
    "lengthMeteringInterval": 15,
    "maxEnergyConsumptions": [
        100.0,
        100.0,
        100.0,
        100.0,
        100.0,
        100.0,
        100.0,
        100.0,
        100.0,
        100.0,
        100.0,
        100.0,
        100.0,
        100.0,
        100.0,
        100.0,
        100.0,
        100.0,
        100.0,
        100.0,
        100.0,
        100.0,
        100.0,
        100.0,
        100.0,
        100.0,
        100.0,
        100.0,
        100.0,
        100.0,
        100.0,
        100.0,
        100.0,
        100.0,
        100.0,
        100.0,
        100.0,
        100.0,
        100.0,
        100.0,
        100.0,
        100.0,
        100.0,
        100.0,
        100.0
    ],
    "metadata": {}
}