{
    "numOperations": 15,
    "releaseTimes": [
        0,
        0,
        0,
        0,
        4,
        16,
        32,
        34,
        46,
        53,
        53,
        58,
        69,
        73,
        89
    ],
    "dueDates": [
        28,
        16,
        13,
        11,
        24,
        36,
        41,
        53,
        60,
        69,
        69,
        69,
        96,
        93,
        102
    ],
    "processingTimes": [
        15,
        8,
        2,
        7,
        8,
        13,
        4,
        9,
        11,
        13,
        8,
        1,
        14,
        11,
        11
    ],
    "powerConsumptions": [
        2.4182404597057616,
        10.389831971653539,
        47.8052403280671,
        4.808777058674745,
        10.908127416178042,
        4.978186543408092,
        14.00538524624417,
        10.118999333544192,
        2.857257937718501,
        4.556560746671589,
        5.2574189922093039,
        95.37543824979996,
        3.182679479745665,
        7.3428816255037969,
        4.645916122864273
    ],
    "maxDeviation": 3,
    "numMeteringIntervals": 45,
    "lengthMeteringInterval": 15,
    "maxEnergyConsumptions": [
        100.0,
        100.0,
        100.0,
        100.0,
        100.0,
        100.0,
        100.0,
        100.0,
        100.0,
        100.0,
        100.0,
        100.0,
        100.0,
        100.0,
        100.0,
        100.0,
        100.0,
        100.0,
        100.0,
        100.0,
        100.0,
        100.0,
        100.0,
        100.0,
        100.0,
        100.0,
        100.0,
        100.0,
        100.0,
        100.0,
        100.0,
        100.0,
        100.0,
        100.0,
        100.0,
        100.0,
        100.0,
        100.0,
        100.0,
        100.0,
        100.0,
        100.0,
        100.0,
        100.0,
        100.0
    ],
    "metadata": {}
}