{
    "numOperations": 15,
    "releaseTimes": [
        5,
        7,
        8,
        9,
        17,
        24,
        39,
        42,
        53,
        63,
        72,
        81,
        84,
        85,
        85
    ],
    "dueDates": [
        18,
        24,
        17,
        26,
        36,
        27,
        48,
        68,
        62,
        82,
        91,
        91,
        101,
        92,
        113
    ],
    "processingTimes": [
        5,
        12,
        6,
        7,
        14,
        3,
        3,
        15,
        1,
        11,
        14,
        9,
        9,
        4,
        15
    ],
    "powerConsumptions": [
        9.47930535084816,
        5.0561318191378599,
        11.980591925067265,
        12.887007574635217,
        3.8315106758992987,
        21.802147184127965,
        28.68473634716305,
        3.16863642378867,
        63.23630952535119,
        4.188951003484214,
        6.577260776118854,
        3.7348321785701699,
        10.873263216869214,
        16.604143388714506,
        5.782355576034096
    ],
    "maxDeviation": 3,
    "numMeteringIntervals": 45,
    "lengthMeteringInterval": 15,
    "maxEnergyConsumptions": [
        100.0,
        100.0,
        100.0,
        100.0,
        100.0,
        100.0,
        100.0,
        100.0,
        100.0,
        100.0,
        100.0,
        100.0,
        100.0,
        100.0,
        100.0,
        100.0,
        100.0,
        100.0,
        100.0,
        100.0,
        100.0,
        100.0,
        100.0,
        100.0,
        100.0,
        100.0,
        100.0,
        100.0,
        100.0,
        100.0,
        100.0,
        100.0,
        100.0,
        100.0,
        100.0,
        100.0,
        100.0,
        100.0,
        100.0,
        100.0,
        100.0,
        100.0,
        100.0,
        100.0,
        100.0
    ],
    "metadata": {}
}