{
    "numOperations": 15,
    "releaseTimes": [
        1,
        14,
        15,
        28,
        35,
        39,
        60,
        77,
        79,
        81,
        91,
        99,
        102,
        116,
        123
    ],
    "dueDates": [
        22,
        58,
        45,
        44,
        86,
        62,
        81,
        89,
        113,
        102,
        134,
        151,
        130,
        131,
        142
    ],
    "processingTimes": [
        13,
        12,
        2,
        13,
        12,
        12,
        2,
        6,
        3,
        4,
        15,
        11,
        11,
        13,
        7
    ],
    "powerConsumptions": [
        4.498856278016395,
        5.63378940355103,
        38.98853105519348,
        6.374899861267772,
        7.039642806521814,
        4.7230928494701349,
        47.883063616182329,
        13.89283140562585,
        20.157245228664313,
        24.124350415246626,
        3.7417565641329335,
        5.3497091500102249,
        6.351196070705669,
        4.282049924328966,
        13.204048854979204
    ],
    "maxDeviation": 0,
    "numMeteringIntervals": 45,
    "lengthMeteringInterval": 15,
    "maxEnergyConsumptions": [
        100.0,
        100.0,
        100.0,
        100.0,
        100.0,
        100.0,
        100.0,
        100.0,
        100.0,
        100.0,
        100.0,
        100.0,
        100.0,
        100.0,
        100.0,
        100.0,
        100.0,
        100.0,
        100.0,
        100.0,
        100.0,
        100.0,
        100.0,
        100.0,
        100.0,
        100.0,
        100.0,
        100.0,
        100.0,
        100.0,
        100.0,
        100.0,
        100.0,
        100.0,
        100.0,
        100.0,
        100.0,
        100.0,
        100.0,
        100.0,
        100.0,
        100.0,
        100.0,
        100.0,
        100.0
    ],
    "metadata": {}
}