{
    "numOperations": 15,
    "releaseTimes": [
        6,
        9,
        10,
        21,
        36,
        48,
        49,
        56,
        63,
        65,
        70,
        78,
        85,
        85,
        108
    ],
    "dueDates": [
        19,
        15,
        23,
        30,
        63,
        58,
        74,
        71,
        73,
        80,
        86,
        86,
        102,
        100,
        134
    ],
    "processingTimes": [
        12,
        1,
        2,
        1,
        14,
        4,
        12,
        4,
        5,
        12,
        5,
        8,
        14,
        14,
        14
    ],
    "powerConsumptions": [
        8.14438037526327,
        93.45068120309756,
        43.75260055544998,
        70.8728851245999,
        5.013240423151653,
        17.025716124527503,
        5.016359028143981,
        22.794742672903518,
        19.658366794841738,
        5.903496916581923,
        17.249633205436948,
        8.844377604804249,
        5.726284864357647,
        7.097964942791863,
        3.5864362339281299
    ],
    "maxDeviation": 3,
    "numMeteringIntervals": 45,
    "lengthMeteringInterval": 15,
    "maxEnergyConsumptions": [
        100.0,
        100.0,
        100.0,
        100.0,
        100.0,
        100.0,
        100.0,
        100.0,
        100.0,
        100.0,
        100.0,
        100.0,
        100.0,
        100.0,
        100.0,
        100.0,
        100.0,
        100.0,
        100.0,
        100.0,
        100.0,
        100.0,
        100.0,
        100.0,
        100.0,
        100.0,
        100.0,
        100.0,
        100.0,
        100.0,
        100.0,
        100.0,
        100.0,
        100.0,
        100.0,
        100.0,
        100.0,
        100.0,
        100.0,
        100.0,
        100.0,
        100.0,
        100.0,
        100.0,
        100.0
    ],
    "metadata": {}
}