{
    "numOperations": 15,
    "releaseTimes": [
        3,
        4,
        10,
        11,
        13,
        14,
        18,
        19,
        22,
        27,
        34,
        39,
        40,
        42,
        53
    ],
    "dueDates": [
        20,
        13,
        21,
        36,
        22,
        24,
        39,
        37,
        36,
        37,
        42,
        49,
        58,
        51,
        59
    ],
    "processingTimes": [
        11,
        3,
        5,
        14,
        1,
        9,
        15,
        13,
        9,
        4,
        1,
        9,
        10,
        3,
        2
    ],
    "powerConsumptions": [
        4.695259266731302,
        29.292862074015785,
        14.091428100719364,
        4.151903815947134,
        51.73348234413713,
        6.509606025482361,
        6.4901020271467468,
        7.000354411266051,
        7.403547314083582,
        22.93793086035654,
        72.06946935754019,
        5.883587906006523,
        8.221430954690382,
        20.1480909012862,
        42.221266917366659
    ],
    "maxDeviation": 3,
    "numMeteringIntervals": 45,
    "lengthMeteringInterval": 15,
    "maxEnergyConsumptions": [
        100.0,
        100.0,
        100.0,
        100.0,
        100.0,
        100.0,
        100.0,
        100.0,
        100.0,
        100.0,
        100.0,
        100.0,
        100.0,
        100.0,
        100.0,
        100.0,
        100.0,
        100.0,
        100.0,
        100.0,
        100.0,
        100.0,
        100.0,
        100.0,
        100.0,
        100.0,
        100.0,
        100.0,
        100.0,
        100.0,
        100.0,
        100.0,
        100.0,
        100.0,
        100.0,
        100.0,
        100.0,
        100.0,
        100.0,
        100.0,
        100.0,
        100.0,
        100.0,
        100.0,
        100.0
    ],
    "metadata": {}
}