{
    "numOperations": 15,
    "releaseTimes": [
        5,
        9,
        10,
        10,
        11,
        12,
        12,
        13,
        15,
        21,
        24,
        25,
        37,
        41,
        42
    ],
    "dueDates": [
        31,
        18,
        27,
        19,
        26,
        22,
        30,
        18,
        36,
        34,
        27,
        35,
        60,
        50,
        46
    ],
    "processingTimes": [
        15,
        9,
        15,
        5,
        13,
        4,
        8,
        3,
        14,
        11,
        1,
        2,
        12,
        3,
        1
    ],
    "powerConsumptions": [
        4.505897100460108,
        9.406822008107247,
        3.477194127888521,
        12.440231339300821,
        6.041069001815803,
        16.88869717813992,
        8.057996201227765,
        22.012402680393867,
        5.93732072418291,
        8.790578624702836,
        89.75072615095672,
        32.68813291127021,
        5.512113043075673,
        17.65305161800939,
        59.75020337105559
    ],
    "maxDeviation": 3,
    "numMeteringIntervals": 45,
    "lengthMeteringInterval": 15,
    "maxEnergyConsumptions": [
        100.0,
        100.0,
        100.0,
        100.0,
        100.0,
        100.0,
        100.0,
        100.0,
        100.0,
        100.0,
        100.0,
        100.0,
        100.0,
        100.0,
        100.0,
        100.0,
        100.0,
        100.0,
        100.0,
        100.0,
        100.0,
        100.0,
        100.0,
        100.0,
        100.0,
        100.0,
        100.0,
        100.0,
        100.0,
        100.0,
        100.0,
        100.0,
        100.0,
        100.0,
        100.0,
        100.0,
        100.0,
        100.0,
        100.0,
        100.0,
        100.0,
        100.0,
        100.0,
        100.0,
        100.0
    ],
    "metadata": {}
}