{
    "numOperations": 15,
    "releaseTimes": [
        2,
        7,
        12,
        15,
        22,
        23,
        27,
        30,
        30,
        37,
        39,
        40,
        42,
        42,
        46
    ],
    "dueDates": [
        22,
        26,
        28,
        32,
        45,
        44,
        34,
        43,
        45,
        46,
        61,
        50,
        60,
        52,
        56
    ],
    "processingTimes": [
        9,
        10,
        9,
        6,
        14,
        14,
        2,
        3,
        13,
        8,
        15,
        2,
        9,
        2,
        7
    ],
    "powerConsumptions": [
        6.208188154023375,
        5.255882436143348,
        5.818066808647914,
        14.949795544585023,
        4.571828460496901,
        4.368530551916657,
        37.703430898793858,
        21.6539581993983,
        4.270315638645005,
        7.166649377334446,
        6.074632882179314,
        42.18972529379682,
        6.811865529771861,
        29.07597832370543,
        12.13572182159309
    ],
    "maxDeviation": 3,
    "numMeteringIntervals": 45,
    "lengthMeteringInterval": 15,
    "maxEnergyConsumptions": [
        100.0,
        100.0,
        100.0,
        100.0,
        100.0,
        100.0,
        100.0,
        100.0,
        100.0,
        100.0,
        100.0,
        100.0,
        100.0,
        100.0,
        100.0,
        100.0,
        100.0,
        100.0,
        100.0,
        100.0,
        100.0,
        100.0,
        100.0,
        100.0,
        100.0,
        100.0,
        100.0,
        100.0,
        100.0,
        100.0,
        100.0,
        100.0,
        100.0,
        100.0,
        100.0,
        100.0,
        100.0,
        100.0,
        100.0,
        100.0,
        100.0,
        100.0,
        100.0,
        100.0,
        100.0
    ],
    "metadata": {}
}