{
    "numOperations": 15,
    "releaseTimes": [
        0,
        7,
        11,
        11,
        14,
        16,
        25,
        26,
        28,
        39,
        43,
        43,
        46,
        46,
        46
    ],
    "dueDates": [
        6,
        13,
        13,
        17,
        20,
        23,
        41,
        45,
        40,
        54,
        58,
        47,
        64,
        62,
        51
    ],
    "processingTimes": [
        2,
        2,
        1,
        2,
        3,
        4,
        13,
        13,
        5,
        6,
        8,
        4,
        10,
        11,
        1
    ],
    "powerConsumptions": [
        41.38087994306698,
        40.598233484032409,
        73.6596034915836,
        44.244609406202659,
        21.062431921355878,
        13.598993170036917,
        6.023568149216389,
        5.010517483351531,
        11.416358451092519,
        14.330343292533021,
        10.95139792746053,
        13.306666367875082,
        8.455552295766666,
        9.072996558464054,
        79.09136847433041
    ],
    "maxDeviation": 3,
    "numMeteringIntervals": 45,
    "lengthMeteringInterval": 15,
    "maxEnergyConsumptions": [
        100.0,
        100.0,
        100.0,
        100.0,
        100.0,
        100.0,
        100.0,
        100.0,
        100.0,
        100.0,
        100.0,
        100.0,
        100.0,
        100.0,
        100.0,
        100.0,
        100.0,
        100.0,
        100.0,
        100.0,
        100.0,
        100.0,
        100.0,
        100.0,
        100.0,
        100.0,
        100.0,
        100.0,
        100.0,
        100.0,
        100.0,
        100.0,
        100.0,
        100.0,
        100.0,
        100.0,
        100.0,
        100.0,
        100.0,
        100.0,
        100.0,
        100.0,
        100.0,
        100.0,
        100.0
    ],
    "metadata": {}
}