{
    "numOperations": 15,
    "releaseTimes": [
        16,
        29,
        33,
        36,
        41,
        49,
        56,
        58,
        58,
        67,
        69,
        69,
        70,
        72,
        80
    ],
    "dueDates": [
        25,
        47,
        52,
        48,
        48,
        74,
        60,
        76,
        61,
        88,
        89,
        78,
        88,
        90,
        88
    ],
    "processingTimes": [
        8,
        6,
        8,
        2,
        7,
        13,
        1,
        9,
        2,
        11,
        10,
        9,
        8,
        11,
        8
    ],
    "powerConsumptions": [
        10.167649288780633,
        10.933230715078262,
        8.253871757823158,
        45.357195861639898,
        12.407537068139698,
        4.3452028291623618,
        65.8088987317538,
        6.133875895528057,
        47.09527547630738,
        7.34603032352074,
        9.391053928987555,
        7.649786684565346,
        11.273721425681318,
        7.490330821676821,
        6.644173906312679
    ],
    "maxDeviation": 5,
    "numMeteringIntervals": 45,
    "lengthMeteringInterval": 15,
    "maxEnergyConsumptions": [
        100.0,
        100.0,
        100.0,
        100.0,
        100.0,
        100.0,
        100.0,
        100.0,
        100.0,
        100.0,
        100.0,
        100.0,
        100.0,
        100.0,
        100.0,
        100.0,
        100.0,
        100.0,
        100.0,
        100.0,
        100.0,
        100.0,
        100.0,
        100.0,
        100.0,
        100.0,
        100.0,
        100.0,
        100.0,
        100.0,
        100.0,
        100.0,
        100.0,
        100.0,
        100.0,
        100.0,
        100.0,
        100.0,
        100.0,
        100.0,
        100.0,
        100.0,
        100.0,
        100.0,
        100.0
    ],
    "metadata": {}
}