{
    "numOperations": 15,
    "releaseTimes": [
        0,
        9,
        15,
        24,
        25,
        29,
        36,
        38,
        39,
        42,
        52,
        54,
        56,
        70,
        73
    ],
    "dueDates": [
        9,
        25,
        26,
        44,
        47,
        44,
        46,
        65,
        51,
        56,
        74,
        67,
        62,
        74,
        81
    ],
    "processingTimes": [
        7,
        8,
        5,
        9,
        15,
        10,
        1,
        15,
        8,
        10,
        10,
        3,
        5,
        3,
        7
    ],
    "powerConsumptions": [
        12.815995086563126,
        8.625628850249095,
        11.398371721760962,
        6.0936991654054168,
        3.736677941658765,
        8.566397575499526,
        78.978791792131,
        5.2921579578058959,
        12.470836717927313,
        5.3231607440526009,
        6.879352873713404,
        20.641013100849418,
        19.828806248382649,
        18.90189073780305,
        11.72622750023648
    ],
    "maxDeviation": 5,
    "numMeteringIntervals": 45,
    "lengthMeteringInterval": 15,
    "maxEnergyConsumptions": [
        100.0,
        100.0,
        100.0,
        100.0,
        100.0,
        100.0,
        100.0,
        100.0,
        100.0,
        100.0,
        100.0,
        100.0,
        100.0,
        100.0,
        100.0,
        100.0,
        100.0,
        100.0,
        100.0,
        100.0,
        100.0,
        100.0,
        100.0,
        100.0,
        100.0,
        100.0,
        100.0,
        100.0,
        100.0,
        100.0,
        100.0,
        100.0,
        100.0,
        100.0,
        100.0,
        100.0,
        100.0,
        100.0,
        100.0,
        100.0,
        100.0,
        100.0,
        100.0,
        100.0,
        100.0
    ],
    "metadata": {}
}