{
    "numOperations": 15,
    "releaseTimes": [
        9,
        9,
        12,
        13,
        15,
        16,
        32,
        33,
        37,
        38,
        38,
        40,
        44,
        45,
        48
    ],
    "dueDates": [
        17,
        24,
        34,
        32,
        19,
        33,
        50,
        35,
        42,
        41,
        46,
        50,
        46,
        63,
        61
    ],
    "processingTimes": [
        1,
        8,
        15,
        11,
        2,
        13,
        8,
        1,
        3,
        2,
        7,
        1,
        2,
        15,
        7
    ],
    "powerConsumptions": [
        67.59372205215185,
        8.491436894607589,
        3.8214770747747055,
        6.913130866514644,
        46.57479654187208,
        7.51381338647674,
        11.62544797620548,
        95.36281388809847,
        32.50455216160669,
        47.54583766968172,
        9.768257555720993,
        50.83718897188443,
        33.1874827862217,
        5.276735141635827,
        13.786320290815711
    ],
    "maxDeviation": 5,
    "numMeteringIntervals": 45,
    "lengthMeteringInterval": 15,
    "maxEnergyConsumptions": [
        100.0,
        100.0,
        100.0,
        100.0,
        100.0,
        100.0,
        100.0,
        100.0,
        100.0,
        100.0,
        100.0,
        100.0,
        100.0,
        100.0,
        100.0,
        100.0,
        100.0,
        100.0,
        100.0,
        100.0,
        100.0,
        100.0,
        100.0,
        100.0,
        100.0,
        100.0,
        100.0,
        100.0,
        100.0,
        100.0,
        100.0,
        100.0,
        100.0,
        100.0,
        100.0,
        100.0,
        100.0,
        100.0,
        100.0,
        100.0,
        100.0,
        100.0,
        100.0,
        100.0,
        100.0
    ],
    "metadata": {}
}