{
    "numOperations": 10,
    "releaseTimes": [
        1,
        5,
        10,
        13,
        16,
        31,
        38,
        42,
        48,
        48
    ],
    "dueDates": [
        24,
        11,
        34,
        37,
        27,
        44,
        53,
        43,
        64,
        63
    ],
    "processingTimes": [
        13,
        2,
        15,
        15,
        7,
        10,
        6,
        1,
        8,
        15
    ],
    "powerConsumptions": [
        4.42739116084491,
        42.57156856483972,
        4.087498158319874,
        3.8653661740535258,
        7.394135555229647,
        4.9997593719814639,
        14.83379887475659,
        32.1352961166839,
        4.490173061481026,
        3.3923173541351785
    ],
    "maxDeviation": 0,
    "numMeteringIntervals": 30,
    "lengthMeteringInterval": 15,
    "maxEnergyConsumptions": [
        100.0,
        100.0,
        100.0,
        100.0,
        100.0,
        100.0,
        100.0,
        100.0,
        100.0,
        100.0,
        100.0,
        100.0,
        100.0,
        100.0,
        100.0,
        100.0,
        100.0,
        100.0,
        100.0,
        100.0,
        100.0,
        100.0,
        100.0,
        100.0,
        100.0,
        100.0,
        100.0,
        100.0,
        100.0,
        100.0
    ],
    "metadata": {}
}