{
    "numOperations": 10,
    "releaseTimes": [
        1,
        7,
        18,
        31,
        39,
        47,
        51,
        71,
        71,
        75
    ],
    "dueDates": [
        9,
        18,
        31,
        43,
        49,
        59,
        62,
        82,
        77,
        95
    ],
    "processingTimes": [
        2,
        4,
        9,
        6,
        6,
        8,
        11,
        8,
        6,
        12
    ],
    "powerConsumptions": [
        43.83770389067003,
        22.41864461334509,
        7.886500008435127,
        13.071991088219173,
        11.604073860602908,
        9.80319202149213,
        5.757541080964393,
        3.8856200972276335,
        7.118210858537718,
        3.428344859931767
    ],
    "maxDeviation": 0,
    "numMeteringIntervals": 30,
    "lengthMeteringInterval": 15,
    "maxEnergyConsumptions": [
        100.0,
        100.0,
        100.0,
        100.0,
        100.0,
        100.0,
        100.0,
        100.0,
        100.0,
        100.0,
        100.0,
        100.0,
        100.0,
        100.0,
        100.0,
        100.0,
        100.0,
        100.0,
        100.0,
        100.0,
        100.0,
        100.0,
        100.0,
        100.0,
        100.0,
        100.0,
        100.0,
        100.0,
        100.0,
        100.0
    ],
    "metadata": {}
}