{
    "numOperations": 5,
    "releaseTimes": [
        3,
        5,
        7,
        13,
        15
    ],
    "dueDates": [
        5,
        21,
        15,
        27,
        21
    ],
    "processingTimes": [
        1,
        15,
        5,
        13,
        5
    ],
    "powerConsumptions": [
        78.65914584142091,
        4.008273233799652,
        19.743478675667057,
        5.737849018408077,
        18.049123701533398
    ],
    "maxDeviation": 0,
    "numMeteringIntervals": 15,
    "lengthMeteringInterval": 15,
    "maxEnergyConsumptions": [
        100.0,
        100.0,
        100.0,
        100.0,
        100.0,
        100.0,
        100.0,
        100.0,
        100.0,
        100.0,
        100.0,
        100.0,
        100.0,
        100.0,
        100.0
    ],
    "metadata": {}
}