{
    "numOperations": 10,
    "releaseTimes": [
        11,
        33,
        33,
        39,
        64,
        65,
        83,
        113,
        113,
        140
    ],
    "dueDates": [
        21,
        62,
        59,
        61,
        71,
        97,
        101,
        135,
        151,
        175
    ],
    "processingTimes": [
        8,
        15,
        12,
        2,
        4,
        15,
        15,
        15,
        13,
        8
    ],
    "powerConsumptions": [
        11.264968747494514,
        3.57372276484499,
        8.08559005643209,
        18.70041425781003,
        18.53242316096842,
        3.5086171814241284,
        3.3862112118403409,
        5.487885645137925,
        6.898868078680461,
        8.01388067069971
    ],
    "maxDeviation": 5,
    "numMeteringIntervals": 30,
    "lengthMeteringInterval": 15,
    "maxEnergyConsumptions": [
        100.0,
        100.0,
        100.0,
        100.0,
        100.0,
        100.0,
        100.0,
        100.0,
        100.0,
        100.0,
        100.0,
        100.0,
        100.0,
        100.0,
        100.0,
        100.0,
        100.0,
        100.0,
        100.0,
        100.0,
        100.0,
        100.0,
        100.0,
        100.0,
        100.0,
        100.0,
        100.0,
        100.0,
        100.0,
        100.0
    ],
    "metadata": {}
}