{
    "numOperations": 10,
    "releaseTimes": [
        1,
        5,
        9,
        21,
        21,
        22,
        25,
        26,
        26,
        30
    ],
    "dueDates": [
        27,
        26,
        50,
        43,
        26,
        57,
        35,
        60,
        57,
        40
    ],
    "processingTimes": [
        3,
        6,
        15,
        14,
        1,
        12,
        8,
        8,
        11,
        7
    ],
    "powerConsumptions": [
        32.46400654664959,
        10.63189805991766,
        4.538910788733243,
        3.561814265120617,
        48.469286679621529,
        6.181064364564247,
        9.325079486064294,
        5.422538605614548,
        5.8610013284717479,
        10.74002280663053
    ],
    "maxDeviation": 5,
    "numMeteringIntervals": 30,
    "lengthMeteringInterval": 15,
    "maxEnergyConsumptions": [
        100.0,
        100.0,
        100.0,
        100.0,
        100.0,
        100.0,
        100.0,
        100.0,
        100.0,
        100.0,
        100.0,
        100.0,
        100.0,
        100.0,
        100.0,
        100.0,
        100.0,
        100.0,
        100.0,
        100.0,
        100.0,
        100.0,
        100.0,
        100.0,
        100.0,
        100.0,
        100.0,
        100.0,
        100.0,
        100.0
    ],
    "metadata": {}
}