{
    "numOperations": 10,
    "releaseTimes": [
        1,
        4,
        7,
        14,
        14,
        21,
        25,
        44,
        44,
        51
    ],
    "dueDates": [
        7,
        13,
        30,
        25,
        28,
        36,
        36,
        59,
        52,
        66
    ],
    "processingTimes": [
        5,
        5,
        8,
        1,
        1,
        5,
        3,
        12,
        6,
        4
    ],
    "powerConsumptions": [
        17.09989109871602,
        13.723099446536918,
        12.04115164601945,
        30.783089742367904,
        73.13892143204218,
        9.291605770473254,
        29.71092478346647,
        6.237154591915121,
        7.1612462789613009,
        21.94786625215555
    ],
    "maxDeviation": 5,
    "numMeteringIntervals": 30,
    "lengthMeteringInterval": 15,
    "maxEnergyConsumptions": [
        100.0,
        100.0,
        100.0,
        100.0,
        100.0,
        100.0,
        100.0,
        100.0,
        100.0,
        100.0,
        100.0,
        100.0,
        100.0,
        100.0,
        100.0,
        100.0,
        100.0,
        100.0,
        100.0,
        100.0,
        100.0,
        100.0,
        100.0,
        100.0,
        100.0,
        100.0,
        100.0,
        100.0,
        100.0,
        100.0
    ],
    "metadata": {}
}