{
    "numOperations": 10,
    "releaseTimes": [
        14,
        14,
        19,
        19,
        22,
        25,
        31,
        43,
        53,
        76
    ],
    "dueDates": [
        35,
        29,
        50,
        43,
        33,
        44,
        54,
        66,
        87,
        92
    ],
    "processingTimes": [
        11,
        10,
        9,
        4,
        5,
        6,
        3,
        11,
        15,
        8
    ],
    "powerConsumptions": [
        4.264155932188447,
        3.000027322413263,
        8.632162253681337,
        22.620978500662248,
        13.488025835531099,
        15.76741758465924,
        22.379422346471569,
        4.429208472891655,
        5.817345243049633,
        7.921306374399164
    ],
    "maxDeviation": 5,
    "numMeteringIntervals": 30,
    "lengthMeteringInterval": 15,
    "maxEnergyConsumptions": [
        100.0,
        100.0,
        100.0,
        100.0,
        100.0,
        100.0,
        100.0,
        100.0,
        100.0,
        100.0,
        100.0,
        100.0,
        100.0,
        100.0,
        100.0,
        100.0,
        100.0,
        100.0,
        100.0,
        100.0,
        100.0,
        100.0,
        100.0,
        100.0,
        100.0,
        100.0,
        100.0,
        100.0,
        100.0,
        100.0
    ],
    "metadata": {}
}