{
    "numOperations": 15,
    "releaseTimes": [
        1,
        3,
        5,
        10,
        30,
        32,
        39,
        39,
        41,
        41,
        42,
        43,
        44,
        48,
        49
    ],
    "dueDates": [
        25,
        35,
        13,
        41,
        35,
        52,
        44,
        55,
        65,
        60,
        65,
        76,
        61,
        64,
        81
    ],
    "processingTimes": [
        1,
        5,
        8,
        4,
        1,
        10,
        1,
        5,
        5,
        13,
        3,
        12,
        9,
        6,
        5
    ],
    "powerConsumptions": [
        53.24259199633836,
        16.68174122600455,
        9.835312667273025,
        15.05855062129774,
        98.34158653529572,
        9.300987509221985,
        73.49574331378658,
        18.85119901331793,
        14.256528471882837,
        4.019121587558271,
        25.246169316174436,
        7.444012707012366,
        6.910344149226364,
        9.666046232092162,
        19.83880868571087
    ],
    "maxDeviation": 3,
    "numMeteringIntervals": 45,
    "lengthMeteringInterval": 15,
    "maxEnergyConsumptions": [
        100.0,
        100.0,
        100.0,
        100.0,
        100.0,
        100.0,
        100.0,
        100.0,
        100.0,
        100.0,
        100.0,
        100.0,
        100.0,
        100.0,
        100.0,
        100.0,
        100.0,
        100.0,
        100.0,
        100.0,
        100.0,
        100.0,
        100.0,
        100.0,
        100.0,
        100.0,
        100.0,
        100.0,
        100.0,
        100.0,
        100.0,
        100.0,
        100.0,
        100.0,
        100.0,
        100.0,
        100.0,
        100.0,
        100.0,
        100.0,
        100.0,
        100.0,
        100.0,
        100.0,
        100.0
    ],
    "metadata": {}
}