{
    "numOperations": 15,
    "releaseTimes": [
        0,
        11,
        11,
        15,
        15,
        20,
        21,
        26,
        28,
        31,
        31,
        31,
        35,
        43,
        51
    ],
    "dueDates": [
        21,
        46,
        43,
        38,
        40,
        56,
        55,
        67,
        50,
        51,
        35,
        50,
        45,
        69,
        70
    ],
    "processingTimes": [
        2,
        4,
        9,
        6,
        6,
        8,
        11,
        8,
        6,
        12,
        4,
        3,
        4,
        10,
        14
    ],
    "powerConsumptions": [
        35.28345259337092,
        15.685379015451583,
        8.30363268788728,
        16.204243516304378,
        13.142098212927394,
        11.355756619430619,
        7.010053104713943,
        6.914402376174581,
        10.464503034674556,
        4.404573539005159,
        22.682843533516008,
        32.5468524231088,
        18.635328107505165,
        8.690673170595025,
        5.575248314584829
    ],
    "maxDeviation": 3,
    "numMeteringIntervals": 45,
    "lengthMeteringInterval": 15,
    "maxEnergyConsumptions": [
        100.0,
        100.0,
        100.0,
        100.0,
        100.0,
        100.0,
        100.0,
        100.0,
        100.0,
        100.0,
        100.0,
        100.0,
        100.0,
        100.0,
        100.0,
        100.0,
        100.0,
        100.0,
        100.0,
        100.0,
        100.0,
        100.0,
        100.0,
        100.0,
        100.0,
        100.0,
        100.0,
        100.0,
        100.0,
        100.0,
        100.0,
        100.0,
        100.0,
        100.0,
        100.0,
        100.0,
        100.0,
        100.0,
        100.0,
        100.0,
        100.0,
        100.0,
        100.0,
        100.0,
        100.0
    ],
    "metadata": {}
}