{
    "numOperations": 15,
    "releaseTimes": [
        7,
        7,
        15,
        25,
        27,
        35,
        40,
        42,
        42,
        50,
        53,
        58,
        68,
        80,
        82
    ],
    "dueDates": [
        46,
        28,
        48,
        35,
        64,
        76,
        84,
        67,
        86,
        85,
        65,
        86,
        77,
        96,
        99
    ],
    "processingTimes": [
        14,
        10,
        7,
        4,
        4,
        6,
        7,
        14,
        9,
        12,
        9,
        10,
        8,
        8,
        1
    ],
    "powerConsumptions": [
        6.9859410482079549,
        6.4148650274730178,
        8.62954302938248,
        15.244109175291458,
        23.623171037756518,
        13.481648394397313,
        10.038702340060118,
        3.8408934538131827,
        9.651449665648347,
        6.563719337369942,
        5.790932349830024,
        6.7236999137454689,
        9.646877611905499,
        12.083915890189762,
        96.22717616029506
    ],
    "maxDeviation": 3,
    "numMeteringIntervals": 45,
    "lengthMeteringInterval": 15,
    "maxEnergyConsumptions": [
        100.0,
        100.0,
        100.0,
        100.0,
        100.0,
        100.0,
        100.0,
        100.0,
        100.0,
        100.0,
        100.0,
        100.0,
        100.0,
        100.0,
        100.0,
        100.0,
        100.0,
        100.0,
        100.0,
        100.0,
        100.0,
        100.0,
        100.0,
        100.0,
        100.0,
        100.0,
        100.0,
        100.0,
        100.0,
        100.0,
        100.0,
        100.0,
        100.0,
        100.0,
        100.0,
        100.0,
        100.0,
        100.0,
        100.0,
        100.0,
        100.0,
        100.0,
        100.0,
        100.0,
        100.0
    ],
    "metadata": {}
}