{
    "numOperations": 10,
    "releaseTimes": [
        20,
        22,
        30,
        38,
        42,
        44,
        62,
        74,
        77,
        78
    ],
    "dueDates": [
        35,
        31,
        46,
        56,
        65,
        57,
        72,
        83,
        99,
        93
    ],
    "processingTimes": [
        11,
        2,
        15,
        11,
        14,
        5,
        8,
        2,
        14,
        9
    ],
    "powerConsumptions": [
        6.074618232035712,
        36.17487910713402,
        4.623721745520151,
        6.3962374053594,
        6.664452497374652,
        19.928973138484488,
        11.728860846424894,
        25.670860607269505,
        6.321352541556668,
        7.352694816471332
    ],
    "maxDeviation": 0,
    "numMeteringIntervals": 30,
    "lengthMeteringInterval": 15,
    "maxEnergyConsumptions": [
        100.0,
        100.0,
        100.0,
        100.0,
        100.0,
        100.0,
        100.0,
        100.0,
        100.0,
        100.0,
        100.0,
        100.0,
        100.0,
        100.0,
        100.0,
        100.0,
        100.0,
        100.0,
        100.0,
        100.0,
        100.0,
        100.0,
        100.0,
        100.0,
        100.0,
        100.0,
        100.0,
        100.0,
        100.0,
        100.0
    ],
    "metadata": {}
}