{
    "numOperations": 10,
    "releaseTimes": [
        13,
        17,
        20,
        24,
        29,
        45,
        47,
        50,
        51,
        52
    ],
    "dueDates": [
        34,
        37,
        29,
        38,
        32,
        65,
        63,
        57,
        69,
        66
    ],
    "processingTimes": [
        13,
        14,
        1,
        7,
        3,
        15,
        13,
        5,
        9,
        5
    ],
    "powerConsumptions": [
        4.467347177699841,
        6.172731433861652,
        81.54078463299311,
        13.023293483223588,
        28.89770017949883,
        3.9555212985601986,
        4.712267067040397,
        14.946492341105728,
        8.553858956759447,
        19.55484530217161
    ],
    "maxDeviation": 0,
    "numMeteringIntervals": 30,
    "lengthMeteringInterval": 15,
    "maxEnergyConsumptions": [
        100.0,
        100.0,
        100.0,
        100.0,
        100.0,
        100.0,
        100.0,
        100.0,
        100.0,
        100.0,
        100.0,
        100.0,
        100.0,
        100.0,
        100.0,
        100.0,
        100.0,
        100.0,
        100.0,
        100.0,
        100.0,
        100.0,
        100.0,
        100.0,
        100.0,
        100.0,
        100.0,
        100.0,
        100.0,
        100.0
    ],
    "metadata": {}
}