{
    "numOperations": 10,
    "releaseTimes": [
        10,
        54,
        55,
        71,
        75,
        92,
        92,
        101,
        102,
        102
    ],
    "dueDates": [
        23,
        71,
        79,
        89,
        92,
        115,
        98,
        116,
        113,
        113
    ],
    "processingTimes": [
        9,
        10,
        14,
        11,
        11,
        15,
        4,
        11,
        11,
        2
    ],
    "powerConsumptions": [
        10.530284895447558,
        8.080787805565628,
        5.133525938452388,
        8.788467025118984,
        6.642820463073872,
        3.7962208011065088,
        23.95400075333628,
        4.89515943441099,
        7.601064848697249,
        47.82555947391511
    ],
    "maxDeviation": 0,
    "numMeteringIntervals": 30,
    "lengthMeteringInterval": 15,
    "maxEnergyConsumptions": [
        100.0,
        100.0,
        100.0,
        100.0,
        100.0,
        100.0,
        100.0,
        100.0,
        100.0,
        100.0,
        100.0,
        100.0,
        100.0,
        100.0,
        100.0,
        100.0,
        100.0,
        100.0,
        100.0,
        100.0,
        100.0,
        100.0,
        100.0,
        100.0,
        100.0,
        100.0,
        100.0,
        100.0,
        100.0,
        100.0
    ],
    "metadata": {}
}