{
    "numOperations": 10,
    "releaseTimes": [
        18,
        31,
        40,
        45,
        45,
        49,
        54,
        55,
        55,
        71
    ],
    "dueDates": [
        21,
        44,
        56,
        64,
        63,
        55,
        66,
        74,
        64,
        73
    ],
    "processingTimes": [
        3,
        13,
        12,
        11,
        15,
        3,
        9,
        11,
        8,
        1
    ],
    "powerConsumptions": [
        20.360198512831564,
        6.7709134374964849,
        5.600704028351256,
        7.24484289453525,
        3.7548522532441148,
        27.670451251021633,
        7.913218765326075,
        6.459809764344498,
        11.082761539587168,
        52.847818634231177
    ],
    "maxDeviation": 0,
    "numMeteringIntervals": 30,
    "lengthMeteringInterval": 15,
    "maxEnergyConsumptions": [
        100.0,
        100.0,
        100.0,
        100.0,
        100.0,
        100.0,
        100.0,
        100.0,
        100.0,
        100.0,
        100.0,
        100.0,
        100.0,
        100.0,
        100.0,
        100.0,
        100.0,
        100.0,
        100.0,
        100.0,
        100.0,
        100.0,
        100.0,
        100.0,
        100.0,
        100.0,
        100.0,
        100.0,
        100.0,
        100.0
    ],
    "metadata": {}
}