{
    "numOperations": 10,
    "releaseTimes": [
        11,
        13,
        19,
        21,
        25,
        31,
        33,
        42,
        55,
        57
    ],
    "dueDates": [
        19,
        26,
        27,
        25,
        38,
        39,
        44,
        58,
        63,
        64
    ],
    "processingTimes": [
        4,
        9,
        6,
        2,
        10,
        7,
        7,
        15,
        2,
        2
    ],
    "powerConsumptions": [
        15.864043367683104,
        6.046290261916242,
        13.384228458986224,
        49.19701155488245,
        7.268108674497728,
        11.196242998472047,
        7.816446727954846,
        3.523492150407471,
        44.01963792416899,
        31.676116935632526
    ],
    "maxDeviation": 0,
    "numMeteringIntervals": 30,
    "lengthMeteringInterval": 15,
    "maxEnergyConsumptions": [
        100.0,
        100.0,
        100.0,
        100.0,
        100.0,
        100.0,
        100.0,
        100.0,
        100.0,
        100.0,
        100.0,
        100.0,
        100.0,
        100.0,
        100.0,
        100.0,
        100.0,
        100.0,
        100.0,
        100.0,
        100.0,
        100.0,
        100.0,
        100.0,
        100.0,
        100.0,
        100.0,
        100.0,
        100.0,
        100.0
    ],
    "metadata": {}
}