{
    "numOperations": 5,
    "releaseTimes": [
        1,
        5,
        9,
        9,
        11
    ],
    "dueDates": [
        2,
        17,
        16,
        18,
        20
    ],
    "processingTimes": [
        1,
        8,
        7,
        8,
        7
    ],
    "powerConsumptions": [
        81.7271109315503,
        8.442334230211018,
        5.510783214763479,
        5.397413223661338,
        10.426969483665716
    ],
    "maxDeviation": 5,
    "numMeteringIntervals": 15,
    "lengthMeteringInterval": 15,
    "maxEnergyConsumptions": [
        100.0,
        100.0,
        100.0,
        100.0,
        100.0,
        100.0,
        100.0,
        100.0,
        100.0,
        100.0,
        100.0,
        100.0,
        100.0,
        100.0,
        100.0
    ],
    "metadata": {}
}