{
    "numOperations": 5,
    "releaseTimes": [
        5,
        13,
        20,
        22,
        26
    ],
    "dueDates": [
        14,
        17,
        35,
        30,
        34
    ],
    "processingTimes": [
        8,
        2,
        13,
        6,
        7
    ],
    "powerConsumptions": [
        7.4388131903738838,
        25.141826254230435,
        3.4728484968884745,
        11.153456075891759,
        12.922141818577652
    ],
    "maxDeviation": 5,
    "numMeteringIntervals": 15,
    "lengthMeteringInterval": 15,
    "maxEnergyConsumptions": [
        100.0,
        100.0,
        100.0,
        100.0,
        100.0,
        100.0,
        100.0,
        100.0,
        100.0,
        100.0,
        100.0,
        100.0,
        100.0,
        100.0,
        100.0
    ],
    "metadata": {}
}