{
    "numOperations": 10,
    "releaseTimes": [
        13,
        20,
        22,
        22,
        24,
        26,
        32,
        39,
        48,
        50
    ],
    "dueDates": [
        28,
        41,
        44,
        40,
        48,
        40,
        66,
        73,
        70,
        66
    ],
    "processingTimes": [
        6,
        5,
        9,
        3,
        15,
        3,
        11,
        15,
        3,
        10
    ],
    "powerConsumptions": [
        6.025726958701121,
        13.925788063147655,
        5.687935355221987,
        13.304836385882544,
        5.358325577151827,
        27.55188559585264,
        3.137939241827314,
        5.225182142715554,
        33.24138233344881,
        7.072791586406258
    ],
    "maxDeviation": 0,
    "numMeteringIntervals": 30,
    "lengthMeteringInterval": 15,
    "maxEnergyConsumptions": [
        100.0,
        100.0,
        100.0,
        100.0,
        100.0,
        100.0,
        100.0,
        100.0,
        100.0,
        100.0,
        100.0,
        100.0,
        100.0,
        100.0,
        100.0,
        100.0,
        100.0,
        100.0,
        100.0,
        100.0,
        100.0,
        100.0,
        100.0,
        100.0,
        100.0,
        100.0,
        100.0,
        100.0,
        100.0,
        100.0
    ],
    "metadata": {}
}