{
    "numOperations": 10,
    "releaseTimes": [
        0,
        7,
        12,
        18,
        31,
        31,
        33,
        33,
        34,
        38
    ],
    "dueDates": [
        14,
        21,
        53,
        45,
        45,
        62,
        48,
        46,
        40,
        49
    ],
    "processingTimes": [
        13,
        2,
        15,
        9,
        11,
        10,
        2,
        13,
        1,
        10
    ],
    "powerConsumptions": [
        2.3077260458987127,
        49.03670390684126,
        4.782150755736654,
        5.781865129153649,
        7.841282963785475,
        4.593254457914069,
        24.33458911851402,
        3.3971036935226386,
        75.20610625715716,
        7.107555602266404
    ],
    "maxDeviation": 0,
    "numMeteringIntervals": 30,
    "lengthMeteringInterval": 15,
    "maxEnergyConsumptions": [
        100.0,
        100.0,
        100.0,
        100.0,
        100.0,
        100.0,
        100.0,
        100.0,
        100.0,
        100.0,
        100.0,
        100.0,
        100.0,
        100.0,
        100.0,
        100.0,
        100.0,
        100.0,
        100.0,
        100.0,
        100.0,
        100.0,
        100.0,
        100.0,
        100.0,
        100.0,
        100.0,
        100.0,
        100.0,
        100.0
    ],
    "metadata": {}
}