{
    "numOperations": 10,
    "releaseTimes": [
        5,
        15,
        19,
        22,
        24,
        28,
        29,
        33,
        34,
        41
    ],
    "dueDates": [
        35,
        43,
        30,
        36,
        44,
        61,
        58,
        49,
        66,
        65
    ],
    "processingTimes": [
        15,
        14,
        2,
        14,
        8,
        13,
        3,
        3,
        10,
        3
    ],
    "powerConsumptions": [
        2.1364336980415445,
        6.433439231336457,
        40.555283985474449,
        3.8050651693935397,
        5.848154594876961,
        6.6800199754663309,
        12.372495567500508,
        14.541889010129287,
        4.624954323707373,
        14.762159099281809
    ],
    "maxDeviation": 0,
    "numMeteringIntervals": 30,
    "lengthMeteringInterval": 15,
    "maxEnergyConsumptions": [
        100.0,
        100.0,
        100.0,
        100.0,
        100.0,
        100.0,
        100.0,
        100.0,
        100.0,
        100.0,
        100.0,
        100.0,
        100.0,
        100.0,
        100.0,
        100.0,
        100.0,
        100.0,
        100.0,
        100.0,
        100.0,
        100.0,
        100.0,
        100.0,
        100.0,
        100.0,
        100.0,
        100.0,
        100.0,
        100.0
    ],
    "metadata": {}
}