{
    "numOperations": 10,
    "releaseTimes": [
        2,
        4,
        14,
        16,
        17,
        17,
        24,
        34,
        43,
        43
    ],
    "dueDates": [
        13,
        8,
        27,
        36,
        31,
        36,
        34,
        40,
        50,
        48
    ],
    "processingTimes": [
        3,
        1,
        8,
        15,
        8,
        8,
        6,
        6,
        5,
        5
    ],
    "powerConsumptions": [
        24.345684977202806,
        40.575420067148858,
        9.093892813345168,
        3.7838664161031518,
        7.712770717628719,
        10.137081370368419,
        6.659654407709866,
        6.251999561821893,
        19.558184437427824,
        7.847254303330688
    ],
    "maxDeviation": 0,
    "numMeteringIntervals": 30,
    "lengthMeteringInterval": 15,
    "maxEnergyConsumptions": [
        100.0,
        100.0,
        100.0,
        100.0,
        100.0,
        100.0,
        100.0,
        100.0,
        100.0,
        100.0,
        100.0,
        100.0,
        100.0,
        100.0,
        100.0,
        100.0,
        100.0,
        100.0,
        100.0,
        100.0,
        100.0,
        100.0,
        100.0,
        100.0,
        100.0,
        100.0,
        100.0,
        100.0,
        100.0,
        100.0
    ],
    "metadata": {}
}