{
    "numOperations": 10,
    "releaseTimes": [
        0,
        0,
        3,
        8,
        8,
        18,
        19,
        20,
        21,
        25
    ],
    "dueDates": [
        15,
        7,
        24,
        24,
        18,
        28,
        51,
        42,
        35,
        46
    ],
    "processingTimes": [
        10,
        2,
        14,
        14,
        1,
        10,
        11,
        1,
        10,
        4
    ],
    "powerConsumptions": [
        4.80363157907253,
        48.15099469827572,
        3.5492850759238117,
        3.138309542141349,
        93.13140424165019,
        7.273638856829322,
        7.995238623174487,
        31.373817659206066,
        9.232254225499876,
        18.735947377846445
    ],
    "maxDeviation": 0,
    "numMeteringIntervals": 30,
    "lengthMeteringInterval": 15,
    "maxEnergyConsumptions": [
        100.0,
        100.0,
        100.0,
        100.0,
        100.0,
        100.0,
        100.0,
        100.0,
        100.0,
        100.0,
        100.0,
        100.0,
        100.0,
        100.0,
        100.0,
        100.0,
        100.0,
        100.0,
        100.0,
        100.0,
        100.0,
        100.0,
        100.0,
        100.0,
        100.0,
        100.0,
        100.0,
        100.0,
        100.0,
        100.0
    ],
    "metadata": {}
}