{
    "numOperations": 10,
    "releaseTimes": [
        20,
        20,
        21,
        26,
        26,
        42,
        43,
        46,
        47,
        54
    ],
    "dueDates": [
        35,
        41,
        35,
        46,
        44,
        52,
        52,
        69,
        51,
        64
    ],
    "processingTimes": [
        7,
        14,
        7,
        13,
        15,
        9,
        2,
        13,
        3,
        10
    ],
    "powerConsumptions": [
        8.415370316552697,
        5.958120011881858,
        10.839158601624547,
        5.642182246096539,
        3.6454791521469005,
        8.028449712529883,
        41.30115722599285,
        7.239808718363472,
        20.06522118322515,
        5.0803728825470799
    ],
    "maxDeviation": 0,
    "numMeteringIntervals": 30,
    "lengthMeteringInterval": 15,
    "maxEnergyConsumptions": [
        100.0,
        100.0,
        100.0,
        100.0,
        100.0,
        100.0,
        100.0,
        100.0,
        100.0,
        100.0,
        100.0,
        100.0,
        100.0,
        100.0,
        100.0,
        100.0,
        100.0,
        100.0,
        100.0,
        100.0,
        100.0,
        100.0,
        100.0,
        100.0,
        100.0,
        100.0,
        100.0,
        100.0,
        100.0,
        100.0
    ],
    "metadata": {}
}