{
    "numOperations": 10,
    "releaseTimes": [
        7,
        7,
        9,
        10,
        15,
        19,
        27,
        33,
        44,
        72
    ],
    "dueDates": [
        17,
        26,
        30,
        23,
        35,
        41,
        46,
        47,
        53,
        78
    ],
    "processingTimes": [
        8,
        14,
        14,
        5,
        10,
        15,
        9,
        13,
        1,
        3
    ],
    "powerConsumptions": [
        11.942830065683179,
        4.997528333585775,
        6.794620027521863,
        15.483651320947308,
        6.315763282820308,
        4.119446046772055,
        7.420030718281563,
        5.588012062278033,
        83.35521439884508,
        30.320082221957667
    ],
    "maxDeviation": 0,
    "numMeteringIntervals": 30,
    "lengthMeteringInterval": 15,
    "maxEnergyConsumptions": [
        100.0,
        100.0,
        100.0,
        100.0,
        100.0,
        100.0,
        100.0,
        100.0,
        100.0,
        100.0,
        100.0,
        100.0,
        100.0,
        100.0,
        100.0,
        100.0,
        100.0,
        100.0,
        100.0,
        100.0,
        100.0,
        100.0,
        100.0,
        100.0,
        100.0,
        100.0,
        100.0,
        100.0,
        100.0,
        100.0
    ],
    "metadata": {}
}