{
    "numOperations": 10,
    "releaseTimes": [
        0,
        1,
        12,
        12,
        13,
        16,
        27,
        31,
        54,
        63
    ],
    "dueDates": [
        23,
        23,
        30,
        23,
        29,
        22,
        46,
        46,
        71,
        72
    ],
    "processingTimes": [
        15,
        15,
        9,
        5,
        8,
        2,
        13,
        11,
        9,
        4
    ],
    "powerConsumptions": [
        6.045407850478493,
        4.315976871706088,
        8.190667459885141,
        14.29241382869483,
        9.150205285369842,
        41.45161515702689,
        6.008869710837657,
        7.580106034481833,
        9.180362015678533,
        15.996149499792212
    ],
    "maxDeviation": 0,
    "numMeteringIntervals": 30,
    "lengthMeteringInterval": 15,
    "maxEnergyConsumptions": [
        100.0,
        100.0,
        100.0,
        100.0,
        100.0,
        100.0,
        100.0,
        100.0,
        100.0,
        100.0,
        100.0,
        100.0,
        100.0,
        100.0,
        100.0,
        100.0,
        100.0,
        100.0,
        100.0,
        100.0,
        100.0,
        100.0,
        100.0,
        100.0,
        100.0,
        100.0,
        100.0,
        100.0,
        100.0,
        100.0
    ],
    "metadata": {}
}