{
    "numOperations": 10,
    "releaseTimes": [
        3,
        9,
        17,
        22,
        26,
        29,
        30,
        32,
        33,
        33
    ],
    "dueDates": [
        8,
        18,
        35,
        37,
        39,
        43,
        52,
        41,
        52,
        38
    ],
    "processingTimes": [
        2,
        2,
        10,
        13,
        9,
        10,
        15,
        1,
        14,
        3
    ],
    "powerConsumptions": [
        35.88531036615401,
        23.64407896841845,
        4.373245713745044,
        6.809214880061216,
        8.18077591762269,
        7.701537509110674,
        6.065991211974019,
        38.09246163484607,
        5.523183420787831,
        20.606100717194584
    ],
    "maxDeviation": 3,
    "numMeteringIntervals": 30,
    "lengthMeteringInterval": 15,
    "maxEnergyConsumptions": [
        100.0,
        100.0,
        100.0,
        100.0,
        100.0,
        100.0,
        100.0,
        100.0,
        100.0,
        100.0,
        100.0,
        100.0,
        100.0,
        100.0,
        100.0,
        100.0,
        100.0,
        100.0,
        100.0,
        100.0,
        100.0,
        100.0,
        100.0,
        100.0,
        100.0,
        100.0,
        100.0,
        100.0,
        100.0,
        100.0
    ],
    "metadata": {}
}