{
    "numOperations": 15,
    "releaseTimes": [
        16,
        16,
        16,
        31,
        40,
        42,
        42,
        44,
        55,
        66,
        93,
        118,
        122,
        130,
        131
    ],
    "dueDates": [
        34,
        20,
        35,
        45,
        56,
        65,
        54,
        51,
        77,
        93,
        96,
        129,
        139,
        151,
        143
    ],
    "processingTimes": [
        5,
        3,
        11,
        12,
        3,
        15,
        3,
        7,
        10,
        15,
        1,
        2,
        14,
        9,
        12
    ],
    "powerConsumptions": [
        19.50102516105755,
        29.527262201814115,
        7.02600284389218,
        6.501937628582978,
        18.064765468422494,
        4.842922609573461,
        32.75871437843216,
        14.262892643576354,
        5.313289983725278,
        4.386956450723624,
        90.4413366012922,
        37.244233127339068,
        3.572869991939932,
        7.9541080285866159,
        5.176419548864039
    ],
    "maxDeviation": 3,
    "numMeteringIntervals": 45,
    "lengthMeteringInterval": 15,
    "maxEnergyConsumptions": [
        100.0,
        100.0,
        100.0,
        100.0,
        100.0,
        100.0,
        100.0,
        100.0,
        100.0,
        100.0,
        100.0,
        100.0,
        100.0,
        100.0,
        100.0,
        100.0,
        100.0,
        100.0,
        100.0,
        100.0,
        100.0,
        100.0,
        100.0,
        100.0,
        100.0,
        100.0,
        100.0,
        100.0,
        100.0,
        100.0,
        100.0,
        100.0,
        100.0,
        100.0,
        100.0,
        100.0,
        100.0,
        100.0,
        100.0,
        100.0,
        100.0,
        100.0,
        100.0,
        100.0,
        100.0
    ],
    "metadata": {}
}