{
    "numOperations": 15,
    "releaseTimes": [
        1,
        15,
        17,
        24,
        27,
        27,
        37,
        38,
        40,
        40,
        44,
        47,
        49,
        53,
        56
    ],
    "dueDates": [
        20,
        29,
        38,
        37,
        48,
        42,
        42,
        44,
        62,
        54,
        50,
        63,
        55,
        64,
        68
    ],
    "processingTimes": [
        15,
        3,
        10,
        2,
        10,
        13,
        2,
        6,
        11,
        3,
        3,
        10,
        2,
        6,
        6
    ],
    "powerConsumptions": [
        3.8775435453341107,
        27.381094104672838,
        7.13494637863918,
        49.30888495120997,
        5.650424586230288,
        5.596303241770295,
        36.72389784799592,
        12.618117448758918,
        5.255583049383289,
        28.816577584067816,
        27.384302318866675,
        9.958503727944443,
        48.232234646251928,
        13.355770651918875,
        15.301991677551835
    ],
    "maxDeviation": 3,
    "numMeteringIntervals": 45,
    "lengthMeteringInterval": 15,
    "maxEnergyConsumptions": [
        100.0,
        100.0,
        100.0,
        100.0,
        100.0,
        100.0,
        100.0,
        100.0,
        100.0,
        100.0,
        100.0,
        100.0,
        100.0,
        100.0,
        100.0,
        100.0,
        100.0,
        100.0,
        100.0,
        100.0,
        100.0,
        100.0,
        100.0,
        100.0,
        100.0,
        100.0,
        100.0,
        100.0,
        100.0,
        100.0,
        100.0,
        100.0,
        100.0,
        100.0,
        100.0,
        100.0,
        100.0,
        100.0,
        100.0,
        100.0,
        100.0,
        100.0,
        100.0,
        100.0,
        100.0
    ],
    "metadata": {}
}