{
    "numOperations": 15,
    "releaseTimes": [
        5,
        14,
        18,
        25,
        27,
        40,
        42,
        44,
        46,
        46,
        61,
        61,
        64,
        75,
        75
    ],
    "dueDates": [
        28,
        26,
        35,
        48,
        41,
        48,
        53,
        57,
        55,
        67,
        80,
        79,
        79,
        81,
        89
    ],
    "processingTimes": [
        11,
        2,
        5,
        12,
        13,
        7,
        8,
        2,
        4,
        14,
        11,
        15,
        3,
        5,
        6
    ],
    "powerConsumptions": [
        7.776085287788618,
        26.86349912005792,
        11.88893628851967,
        7.6951219281742,
        6.8560259205800488,
        10.70786874740447,
        10.516294094169915,
        45.95655368470236,
        21.951671050536534,
        5.789315373871012,
        6.826960427285342,
        4.273817336688983,
        31.279454696674568,
        12.559588143320865,
        15.009964965680397
    ],
    "maxDeviation": 3,
    "numMeteringIntervals": 45,
    "lengthMeteringInterval": 15,
    "maxEnergyConsumptions": [
        100.0,
        100.0,
        100.0,
        100.0,
        100.0,
        100.0,
        100.0,
        100.0,
        100.0,
        100.0,
        100.0,
        100.0,
        100.0,
        100.0,
        100.0,
        100.0,
        100.0,
        100.0,
        100.0,
        100.0,
        100.0,
        100.0,
        100.0,
        100.0,
        100.0,
        100.0,
        100.0,
        100.0,
        100.0,
        100.0,
        100.0,
        100.0,
        100.0,
        100.0,
        100.0,
        100.0,
        100.0,
        100.0,
        100.0,
        100.0,
        100.0,
        100.0,
        100.0,
        100.0,
        100.0
    ],
    "metadata": {}
}