{
    "numOperations": 15,
    "releaseTimes": [
        5,
        14,
        14,
        19,
        22,
        27,
        43,
        44,
        44,
        48,
        50,
        50,
        53,
        54,
        54
    ],
    "dueDates": [
        25,
        34,
        25,
        30,
        38,
        31,
        55,
        52,
        60,
        54,
        65,
        67,
        63,
        58,
        69
    ],
    "processingTimes": [
        11,
        13,
        3,
        10,
        6,
        3,
        8,
        1,
        9,
        2,
        11,
        15,
        4,
        2,
        8
    ],
    "powerConsumptions": [
        4.881318618210624,
        4.953474709847677,
        25.329485658497189,
        5.322167118752357,
        12.00783654664967,
        19.446854450264018,
        7.371765217848382,
        75.32037188238695,
        5.756072434239685,
        26.103104554395505,
        6.326283339619928,
        5.181776946091971,
        23.766713448801384,
        48.92464390357731,
        10.375332652997763
    ],
    "maxDeviation": 3,
    "numMeteringIntervals": 45,
    "lengthMeteringInterval": 15,
    "maxEnergyConsumptions": [
        100.0,
        100.0,
        100.0,
        100.0,
        100.0,
        100.0,
        100.0,
        100.0,
        100.0,
        100.0,
        100.0,
        100.0,
        100.0,
        100.0,
        100.0,
        100.0,
        100.0,
        100.0,
        100.0,
        100.0,
        100.0,
        100.0,
        100.0,
        100.0,
        100.0,
        100.0,
        100.0,
        100.0,
        100.0,
        100.0,
        100.0,
        100.0,
        100.0,
        100.0,
        100.0,
        100.0,
        100.0,
        100.0,
        100.0,
        100.0,
        100.0,
        100.0,
        100.0,
        100.0,
        100.0
    ],
    "metadata": {}
}