{
    "numOperations": 5,
    "releaseTimes": [
        9,
        13,
        15,
        16,
        17
    ],
    "dueDates": [
        29,
        25,
        24,
        41,
        24
    ],
    "processingTimes": [
        10,
        12,
        3,
        12,
        4
    ],
    "powerConsumptions": [
        7.155514483847045,
        7.240106952418649,
        6.938633121761561,
        7.9147780555756699,
        3.8559034088328549
    ],
    "maxDeviation": 3,
    "numMeteringIntervals": 15,
    "lengthMeteringInterval": 15,
    "maxEnergyConsumptions": [
        100.0,
        100.0,
        100.0,
        100.0,
        100.0,
        100.0,
        100.0,
        100.0,
        100.0,
        100.0,
        100.0,
        100.0,
        100.0,
        100.0,
        100.0
    ],
    "metadata": {}
}