{
    "numOperations": 5,
    "releaseTimes": [
        0,
        1,
        8,
        12,
        13
    ],
    "dueDates": [
        12,
        32,
        25,
        40,
        29
    ],
    "processingTimes": [
        7,
        14,
        7,
        13,
        15
    ],
    "powerConsumptions": [
        13.779655306979802,
        3.554013282731811,
        8.593958551897865,
        3.377241779492667,
        5.542916625217258
    ],
    "maxDeviation": 0,
    "numMeteringIntervals": 15,
    "lengthMeteringInterval": 15,
    "maxEnergyConsumptions": [
        100.0,
        100.0,
        100.0,
        100.0,
        100.0,
        100.0,
        100.0,
        100.0,
        100.0,
        100.0,
        100.0,
        100.0,
        100.0,
        100.0,
        100.0
    ],
    "metadata": {}
}