{
    "numOperations": 15,
    "releaseTimes": [
        9,
        32,
        35,
        50,
        55,
        64,
        102,
        122,
        149,
        154,
        160,
        160,
        162,
        165,
        165
    ],
    "dueDates": [
        47,
        65,
        40,
        57,
        66,
        81,
        136,
        139,
        156,
        175,
        186,
        183,
        170,
        188,
        181
    ],
    "processingTimes": [
        11,
        3,
        2,
        4,
        6,
        5,
        10,
        7,
        1,
        8,
        6,
        14,
        8,
        4,
        11
    ],
    "powerConsumptions": [
        7.668205664600834,
        3.741276153565978,
        7.472906389454591,
        17.746832732373187,
        4.471804676401459,
        13.152851054189375,
        5.671016442741216,
        5.041058386696517,
        89.32673017686767,
        3.3898908126047009,
        1.7988057281468653,
        6.9160070343081279,
        5.895651632276921,
        12.209785585689117,
        2.3859614049997446
    ],
    "maxDeviation": 0,
    "numMeteringIntervals": 45,
    "lengthMeteringInterval": 15,
    "maxEnergyConsumptions": [
        100.0,
        100.0,
        100.0,
        100.0,
        100.0,
        100.0,
        100.0,
        100.0,
        100.0,
        100.0,
        100.0,
        100.0,
        100.0,
        100.0,
        100.0,
        100.0,
        100.0,
        100.0,
        100.0,
        100.0,
        100.0,
        100.0,
        100.0,
        100.0,
        100.0,
        100.0,
        100.0,
        100.0,
        100.0,
        100.0,
        100.0,
        100.0,
        100.0,
        100.0,
        100.0,
        100.0,
        100.0,
        100.0,
        100.0,
        100.0,
        100.0,
        100.0,
        100.0,
        100.0,
        100.0
    ],
    "metadata": {}
}