{
    "numOperations": 15,
    "releaseTimes": [
        4,
        17,
        25,
        37,
        55,
        55,
        78,
        78,
        81,
        86,
        96,
        102,
        112,
        123,
        124
    ],
    "dueDates": [
        17,
        50,
        48,
        55,
        77,
        75,
        105,
        117,
        122,
        99,
        126,
        120,
        143,
        131,
        147
    ],
    "processingTimes": [
        4,
        2,
        15,
        6,
        10,
        1,
        5,
        14,
        13,
        1,
        12,
        6,
        1,
        6,
        9
    ],
    "powerConsumptions": [
        10.927123315690603,
        37.14474021858187,
        3.1736954741958578,
        3.0700999266575588,
        7.098715490521459,
        75.54690996287678,
        7.202877642488545,
        6.438409457053,
        1.1095717267676808,
        25.412064512381684,
        5.644207066935086,
        13.755842503263333,
        30.151017777142717,
        2.875137532646582,
        8.05259559146058
    ],
    "maxDeviation": 0,
    "numMeteringIntervals": 45,
    "lengthMeteringInterval": 15,
    "maxEnergyConsumptions": [
        100.0,
        100.0,
        100.0,
        100.0,
        100.0,
        100.0,
        100.0,
        100.0,
        100.0,
        100.0,
        100.0,
        100.0,
        100.0,
        100.0,
        100.0,
        100.0,
        100.0,
        100.0,
        100.0,
        100.0,
        100.0,
        100.0,
        100.0,
        100.0,
        100.0,
        100.0,
        100.0,
        100.0,
        100.0,
        100.0,
        100.0,
        100.0,
        100.0,
        100.0,
        100.0,
        100.0,
        100.0,
        100.0,
        100.0,
        100.0,
        100.0,
        100.0,
        100.0,
        100.0,
        100.0
    ],
    "metadata": {}
}