{
    "numOperations": 15,
    "releaseTimes": [
        6,
        8,
        13,
        24,
        28,
        36,
        67,
        69,
        73,
        127,
        130,
        139,
        141,
        142,
        143
    ],
    "dueDates": [
        53,
        50,
        21,
        66,
        60,
        73,
        99,
        94,
        119,
        150,
        155,
        179,
        157,
        159,
        181
    ],
    "processingTimes": [
        15,
        6,
        3,
        8,
        10,
        4,
        7,
        6,
        14,
        15,
        10,
        7,
        9,
        7,
        2
    ],
    "powerConsumptions": [
        5.91191621005392,
        2.815342926375251,
        18.711790204526577,
        7.114398137841174,
        1.3236666973675287,
        24.73844911746797,
        1.7677756845422777,
        6.795070923289177,
        4.935082564620187,
        6.633314422768132,
        6.787833392503137,
        2.085557485555161,
        10.674630962099898,
        1.6908459472053894,
        13.235751073639433
    ],
    "maxDeviation": 0,
    "numMeteringIntervals": 45,
    "lengthMeteringInterval": 15,
    "maxEnergyConsumptions": [
        100.0,
        100.0,
        100.0,
        100.0,
        100.0,
        100.0,
        100.0,
        100.0,
        100.0,
        100.0,
        100.0,
        100.0,
        100.0,
        100.0,
        100.0,
        100.0,
        100.0,
        100.0,
        100.0,
        100.0,
        100.0,
        100.0,
        100.0,
        100.0,
        100.0,
        100.0,
        100.0,
        100.0,
        100.0,
        100.0,
        100.0,
        100.0,
        100.0,
        100.0,
        100.0,
        100.0,
        100.0,
        100.0,
        100.0,
        100.0,
        100.0,
        100.0,
        100.0,
        100.0,
        100.0
    ],
    "metadata": {}
}