{
    "numOperations": 15,
    "releaseTimes": [
        8,
        11,
        13,
        15,
        18,
        22,
        38,
        38,
        49,
        52,
        59,
        62,
        68,
        95,
        114
    ],
    "dueDates": [
        51,
        22,
        58,
        31,
        55,
        52,
        57,
        53,
        65,
        72,
        98,
        105,
        92,
        126,
        128
    ],
    "processingTimes": [
        15,
        4,
        4,
        10,
        15,
        13,
        12,
        15,
        10,
        9,
        4,
        7,
        15,
        13,
        13
    ],
    "powerConsumptions": [
        2.4054824515595576,
        10.640001963972324,
        13.912791787571543,
        7.900905670932703,
        1.2518434174598355,
        1.9874883485263089,
        8.116824620058799,
        6.1114323563563099,
        3.0533008856568348,
        6.708284037965299,
        16.51493720911536,
        10.560872002907299,
        1.6103502653023967,
        4.807946723970378,
        2.6490990771684315
    ],
    "maxDeviation": 0,
    "numMeteringIntervals": 45,
    "lengthMeteringInterval": 15,
    "maxEnergyConsumptions": [
        100.0,
        100.0,
        100.0,
        100.0,
        100.0,
        100.0,
        100.0,
        100.0,
        100.0,
        100.0,
        100.0,
        100.0,
        100.0,
        100.0,
        100.0,
        100.0,
        100.0,
        100.0,
        100.0,
        100.0,
        100.0,
        100.0,
        100.0,
        100.0,
        100.0,
        100.0,
        100.0,
        100.0,
        100.0,
        100.0,
        100.0,
        100.0,
        100.0,
        100.0,
        100.0,
        100.0,
        100.0,
        100.0,
        100.0,
        100.0,
        100.0,
        100.0,
        100.0,
        100.0,
        100.0
    ],
    "metadata": {}
}