{
    "numOperations": 5,
    "releaseTimes": [
        2,
        3,
        20,
        23,
        28
    ],
    "dueDates": [
        17,
        21,
        38,
        41,
        38
    ],
    "processingTimes": [
        8,
        8,
        8,
        9,
        1
    ],
    "powerConsumptions": [
        11.221546841678159,
        7.143380200059402,
        7.597309708472192,
        7.281283086628209,
        80.43741153068776
    ],
    "maxDeviation": 5,
    "numMeteringIntervals": 15,
    "lengthMeteringInterval": 15,
    "maxEnergyConsumptions": [
        100.0,
        100.0,
        100.0,
        100.0,
        100.0,
        100.0,
        100.0,
        100.0,
        100.0,
        100.0,
        100.0,
        100.0,
        100.0,
        100.0,
        100.0
    ],
    "metadata": {}
}