{
    "numOperations": 5,
    "releaseTimes": [
        2,
        18,
        20,
        20,
        23
    ],
    "dueDates": [
        20,
        32,
        33,
        36,
        31
    ],
    "processingTimes": [
        6,
        4,
        13,
        14,
        2
    ],
    "powerConsumptions": [
        13.32365620391109,
        18.287376771964828,
        5.993201192453676,
        6.3335873448643229,
        36.17973327058228
    ],
    "maxDeviation": 5,
    "numMeteringIntervals": 15,
    "lengthMeteringInterval": 15,
    "maxEnergyConsumptions": [
        100.0,
        100.0,
        100.0,
        100.0,
        100.0,
        100.0,
        100.0,
        100.0,
        100.0,
        100.0,
        100.0,
        100.0,
        100.0,
        100.0,
        100.0
    ],
    "metadata": {}
}