{
    "numOperations": 15,
    "releaseTimes": [
        6,
        9,
        22,
        25,
        29,
        29,
        34,
        34,
        34,
        34,
        45,
        45,
        54,
        54,
        56
    ],
    "dueDates": [
        14,
        19,
        29,
        40,
        48,
        49,
        52,
        53,
        40,
        52,
        58,
        54,
        65,
        60,
        64
    ],
    "processingTimes": [
        4,
        5,
        6,
        8,
        9,
        13,
        7,
        13,
        5,
        7,
        9,
        8,
        5,
        3,
        3
    ],
    "powerConsumptions": [
        24.12464067162479,
        5.595629582861352,
        11.105704012792629,
        8.576604591137134,
        9.141841071890676,
        4.0676047895842839,
        4.0417900150391239,
        7.011585761966864,
        4.5563785744783049,
        6.70402474496049,
        9.967594822518099,
        3.074733706161576,
        8.576102514020795,
        7.386614374055038,
        16.99255186015726
    ],
    "maxDeviation": 0,
    "numMeteringIntervals": 45,
    "lengthMeteringInterval": 15,
    "maxEnergyConsumptions": [
        100.0,
        100.0,
        100.0,
        100.0,
        100.0,
        100.0,
        100.0,
        100.0,
        100.0,
        100.0,
        100.0,
        100.0,
        100.0,
        100.0,
        100.0,
        100.0,
        100.0,
        100.0,
        100.0,
        100.0,
        100.0,
        100.0,
        100.0,
        100.0,
        100.0,
        100.0,
        100.0,
        100.0,
        100.0,
        100.0,
        100.0,
        100.0,
        100.0,
        100.0,
        100.0,
        100.0,
        100.0,
        100.0,
        100.0,
        100.0,
        100.0,
        100.0,
        100.0,
        100.0,
        100.0
    ],
    "metadata": {}
}