{
    "numOperations": 15,
    "releaseTimes": [
        1,
        1,
        1,
        1,
        6,
        6,
        8,
        8,
        8,
        11,
        26,
        28,
        31,
        37,
        44
    ],
    "dueDates": [
        11,
        6,
        13,
        24,
        21,
        28,
        28,
        15,
        15,
        27,
        41,
        53,
        37,
        49,
        64
    ],
    "processingTimes": [
        10,
        2,
        9,
        15,
        6,
        13,
        15,
        4,
        4,
        7,
        13,
        14,
        4,
        12,
        11
    ],
    "powerConsumptions": [
        9.542414329112197,
        32.94705367772013,
        1.290556309614965,
        4.997896482030426,
        2.472082531262606,
        4.363518291124301,
        1.0588042720916094,
        24.48655466499547,
        9.903762324401973,
        10.984950835545348,
        1.9557031014550548,
        6.755377592807547,
        8.236543260599597,
        1.7621991324945877,
        2.2188622350459656
    ],
    "maxDeviation": 0,
    "numMeteringIntervals": 45,
    "lengthMeteringInterval": 15,
    "maxEnergyConsumptions": [
        100.0,
        100.0,
        100.0,
        100.0,
        100.0,
        100.0,
        100.0,
        100.0,
        100.0,
        100.0,
        100.0,
        100.0,
        100.0,
        100.0,
        100.0,
        100.0,
        100.0,
        100.0,
        100.0,
        100.0,
        100.0,
        100.0,
        100.0,
        100.0,
        100.0,
        100.0,
        100.0,
        100.0,
        100.0,
        100.0,
        100.0,
        100.0,
        100.0,
        100.0,
        100.0,
        100.0,
        100.0,
        100.0,
        100.0,
        100.0,
        100.0,
        100.0,
        100.0,
        100.0,
        100.0
    ],
    "metadata": {}
}