{
    "numOperations": 15,
    "releaseTimes": [
        15,
        17,
        25,
        31,
        35,
        35,
        36,
        36,
        37,
        38,
        41,
        43,
        46,
        54,
        57
    ],
    "dueDates": [
        35,
        33,
        44,
        44,
        49,
        46,
        51,
        51,
        48,
        50,
        64,
        60,
        63,
        64,
        80
    ],
    "processingTimes": [
        15,
        12,
        8,
        8,
        10,
        11,
        7,
        8,
        8,
        11,
        9,
        5,
        10,
        5,
        11
    ],
    "powerConsumptions": [
        1.624145473456715,
        1.9527187509640863,
        5.531843378594996,
        6.02150222029755,
        6.861651392389803,
        1.4011656238348274,
        12.969874412677898,
        11.388701915564802,
        3.1714577239500074,
        1.1660308952685639,
        6.33325761216655,
        6.989566901460442,
        6.281757754454837,
        16.614116861593595,
        8.598948510384324
    ],
    "maxDeviation": 0,
    "numMeteringIntervals": 45,
    "lengthMeteringInterval": 15,
    "maxEnergyConsumptions": [
        100.0,
        100.0,
        100.0,
        100.0,
        100.0,
        100.0,
        100.0,
        100.0,
        100.0,
        100.0,
        100.0,
        100.0,
        100.0,
        100.0,
        100.0,
        100.0,
        100.0,
        100.0,
        100.0,
        100.0,
        100.0,
        100.0,
        100.0,
        100.0,
        100.0,
        100.0,
        100.0,
        100.0,
        100.0,
        100.0,
        100.0,
        100.0,
        100.0,
        100.0,
        100.0,
        100.0,
        100.0,
        100.0,
        100.0,
        100.0,
        100.0,
        100.0,
        100.0,
        100.0,
        100.0
    ],
    "metadata": {}
}