{
    "numOperations": 15,
    "releaseTimes": [
        0,
        4,
        14,
        19,
        29,
        29,
        31,
        31,
        31,
        37,
        39,
        43,
        55,
        64,
        66
    ],
    "dueDates": [
        8,
        19,
        32,
        39,
        41,
        42,
        56,
        46,
        47,
        40,
        51,
        70,
        66,
        69,
        82
    ],
    "processingTimes": [
        7,
        9,
        12,
        14,
        6,
        3,
        12,
        11,
        14,
        2,
        11,
        14,
        6,
        2,
        3
    ],
    "powerConsumptions": [
        3.975313460897857,
        3.0741854931428969,
        5.150927312367245,
        4.4793366665767488,
        7.18970675294873,
        21.337312876313985,
        1.9492389946801232,
        9.053277727618213,
        3.3033278443224987,
        41.878723295859519,
        3.9711314269921189,
        3.7985767616100367,
        11.364094732475494,
        40.956564618243628,
        14.063486540432969
    ],
    "maxDeviation": 0,
    "numMeteringIntervals": 45,
    "lengthMeteringInterval": 15,
    "maxEnergyConsumptions": [
        100.0,
        100.0,
        100.0,
        100.0,
        100.0,
        100.0,
        100.0,
        100.0,
        100.0,
        100.0,
        100.0,
        100.0,
        100.0,
        100.0,
        100.0,
        100.0,
        100.0,
        100.0,
        100.0,
        100.0,
        100.0,
        100.0,
        100.0,
        100.0,
        100.0,
        100.0,
        100.0,
        100.0,
        100.0,
        100.0,
        100.0,
        100.0,
        100.0,
        100.0,
        100.0,
        100.0,
        100.0,
        100.0,
        100.0,
        100.0,
        100.0,
        100.0,
        100.0,
        100.0,
        100.0
    ],
    "metadata": {}
}