{
    "numOperations": 10,
    "releaseTimes": [
        7,
        7,
        11,
        24,
        27,
        30,
        36,
        51,
        51,
        52
    ],
    "dueDates": [
        16,
        20,
        22,
        34,
        42,
        49,
        54,
        58,
        68,
        56
    ],
    "processingTimes": [
        5,
        6,
        3,
        9,
        12,
        13,
        10,
        7,
        12,
        4
    ],
    "powerConsumptions": [
        18.02911626335579,
        12.304657509429442,
        5.890894796329491,
        8.668948400602567,
        7.942205244588139,
        3.3919539146380739,
        4.758025197152204,
        6.933386101544609,
        1.1837534010546636,
        12.64772882513967
    ],
    "maxDeviation": 3,
    "numMeteringIntervals": 30,
    "lengthMeteringInterval": 15,
    "maxEnergyConsumptions": [
        100.0,
        100.0,
        100.0,
        100.0,
        100.0,
        100.0,
        100.0,
        100.0,
        100.0,
        100.0,
        100.0,
        100.0,
        100.0,
        100.0,
        100.0,
        100.0,
        100.0,
        100.0,
        100.0,
        100.0,
        100.0,
        100.0,
        100.0,
        100.0,
        100.0,
        100.0,
        100.0,
        100.0,
        100.0,
        100.0
    ],
    "metadata": {}
}