{
    "numOperations": 10,
    "releaseTimes": [
        5,
        5,
        11,
        26,
        39,
        43,
        51,
        51,
        51,
        52
    ],
    "dueDates": [
        10,
        7,
        27,
        38,
        46,
        56,
        68,
        62,
        60,
        65
    ],
    "processingTimes": [
        2,
        2,
        8,
        12,
        3,
        12,
        13,
        8,
        4,
        10
    ],
    "powerConsumptions": [
        12.636888098256778,
        49.11652775547069,
        6.531186867939701,
        2.515460587558062,
        12.954061386156433,
        6.546287714497503,
        6.06675756519326,
        7.336902904168094,
        11.309257389638898,
        9.91187378191358
    ],
    "maxDeviation": 3,
    "numMeteringIntervals": 30,
    "lengthMeteringInterval": 15,
    "maxEnergyConsumptions": [
        100.0,
        100.0,
        100.0,
        100.0,
        100.0,
        100.0,
        100.0,
        100.0,
        100.0,
        100.0,
        100.0,
        100.0,
        100.0,
        100.0,
        100.0,
        100.0,
        100.0,
        100.0,
        100.0,
        100.0,
        100.0,
        100.0,
        100.0,
        100.0,
        100.0,
        100.0,
        100.0,
        100.0,
        100.0,
        100.0
    ],
    "metadata": {}
}