{
    "numOperations": 10,
    "releaseTimes": [
        21,
        33,
        33,
        35,
        52,
        60,
        63,
        69,
        70,
        81
    ],
    "dueDates": [
        38,
        50,
        48,
        46,
        63,
        67,
        76,
        78,
        81,
        98
    ],
    "processingTimes": [
        14,
        14,
        9,
        10,
        7,
        1,
        12,
        7,
        5,
        8
    ],
    "powerConsumptions": [
        6.890153336563969,
        4.0341390334154669,
        9.263994760583586,
        8.686258514102754,
        5.956297767804692,
        15.39854154608825,
        4.198203979527455,
        8.345278270503079,
        12.435111849381995,
        4.738047103771992
    ],
    "maxDeviation": 3,
    "numMeteringIntervals": 30,
    "lengthMeteringInterval": 15,
    "maxEnergyConsumptions": [
        100.0,
        100.0,
        100.0,
        100.0,
        100.0,
        100.0,
        100.0,
        100.0,
        100.0,
        100.0,
        100.0,
        100.0,
        100.0,
        100.0,
        100.0,
        100.0,
        100.0,
        100.0,
        100.0,
        100.0,
        100.0,
        100.0,
        100.0,
        100.0,
        100.0,
        100.0,
        100.0,
        100.0,
        100.0,
        100.0
    ],
    "metadata": {}
}