{
    "numOperations": 10,
    "releaseTimes": [
        8,
        15,
        19,
        44,
        48,
        61,
        62,
        64,
        69,
        108
    ],
    "dueDates": [
        31,
        26,
        29,
        57,
        51,
        73,
        78,
        77,
        90,
        129
    ],
    "processingTimes": [
        15,
        6,
        9,
        5,
        2,
        7,
        12,
        11,
        12,
        13
    ],
    "powerConsumptions": [
        2.9564910364367296,
        4.675209984204687,
        10.42551784337317,
        19.629143077078866,
        26.726273426772815,
        8.52960900845068,
        5.738911038796419,
        2.1451467095166034,
        7.435421326924849,
        7.634085264343522
    ],
    "maxDeviation": 3,
    "numMeteringIntervals": 30,
    "lengthMeteringInterval": 15,
    "maxEnergyConsumptions": [
        100.0,
        100.0,
        100.0,
        100.0,
        100.0,
        100.0,
        100.0,
        100.0,
        100.0,
        100.0,
        100.0,
        100.0,
        100.0,
        100.0,
        100.0,
        100.0,
        100.0,
        100.0,
        100.0,
        100.0,
        100.0,
        100.0,
        100.0,
        100.0,
        100.0,
        100.0,
        100.0,
        100.0,
        100.0,
        100.0
    ],
    "metadata": {}
}