{
    "numOperations": 10,
    "releaseTimes": [
        8,
        16,
        17,
        17,
        24,
        37,
        41,
        50,
        50,
        59
    ],
    "dueDates": [
        29,
        47,
        30,
        37,
        35,
        53,
        53,
        82,
        78,
        95
    ],
    "processingTimes": [
        7,
        14,
        6,
        3,
        2,
        9,
        1,
        9,
        8,
        15
    ],
    "powerConsumptions": [
        14.214973931597788,
        2.5858202666400285,
        8.96426426137397,
        16.81991294263176,
        38.96922310644464,
        1.7872882284449834,
        15.812695143839929,
        8.205922325745754,
        5.976636723385589,
        6.458763033723781
    ],
    "maxDeviation": 5,
    "numMeteringIntervals": 30,
    "lengthMeteringInterval": 15,
    "maxEnergyConsumptions": [
        100.0,
        100.0,
        100.0,
        100.0,
        100.0,
        100.0,
        100.0,
        100.0,
        100.0,
        100.0,
        100.0,
        100.0,
        100.0,
        100.0,
        100.0,
        100.0,
        100.0,
        100.0,
        100.0,
        100.0,
        100.0,
        100.0,
        100.0,
        100.0,
        100.0,
        100.0,
        100.0,
        100.0,
        100.0,
        100.0
    ],
    "metadata": {}
}