{
    "numOperations": 10,
    "releaseTimes": [
        8,
        20,
        35,
        36,
        40,
        49,
        51,
        54,
        54,
        69
    ],
    "dueDates": [
        44,
        48,
        56,
        69,
        61,
        75,
        88,
        67,
        69,
        86
    ],
    "processingTimes": [
        13,
        10,
        5,
        8,
        15,
        1,
        15,
        5,
        4,
        10
    ],
    "powerConsumptions": [
        5.829339043186902,
        6.590618743092241,
        15.195340682495907,
        11.973472043291542,
        2.3915465013714796,
        85.86049802720172,
        5.557074929714893,
        12.639760736634259,
        12.925122099194465,
        6.277611409111913
    ],
    "maxDeviation": 5,
    "numMeteringIntervals": 30,
    "lengthMeteringInterval": 15,
    "maxEnergyConsumptions": [
        100.0,
        100.0,
        100.0,
        100.0,
        100.0,
        100.0,
        100.0,
        100.0,
        100.0,
        100.0,
        100.0,
        100.0,
        100.0,
        100.0,
        100.0,
        100.0,
        100.0,
        100.0,
        100.0,
        100.0,
        100.0,
        100.0,
        100.0,
        100.0,
        100.0,
        100.0,
        100.0,
        100.0,
        100.0,
        100.0
    ],
    "metadata": {}
}