{
    "numOperations": 10,
    "releaseTimes": [
        0,
        27,
        42,
        59,
        68,
        101,
        121,
        130,
        132,
        136
    ],
    "dueDates": [
        34,
        34,
        85,
        82,
        86,
        135,
        147,
        152,
        168,
        146
    ],
    "processingTimes": [
        10,
        2,
        13,
        11,
        15,
        15,
        14,
        15,
        6,
        3
    ],
    "powerConsumptions": [
        9.594218345859004,
        30.457511395706509,
        1.7937740871763835,
        4.9049196460624169,
        5.651836359140298,
        4.841315846624622,
        5.649899322410803,
        0.8770818982373537,
        9.36401248204058,
        15.317639256463169
    ],
    "maxDeviation": 5,
    "numMeteringIntervals": 30,
    "lengthMeteringInterval": 15,
    "maxEnergyConsumptions": [
        100.0,
        100.0,
        100.0,
        100.0,
        100.0,
        100.0,
        100.0,
        100.0,
        100.0,
        100.0,
        100.0,
        100.0,
        100.0,
        100.0,
        100.0,
        100.0,
        100.0,
        100.0,
        100.0,
        100.0,
        100.0,
        100.0,
        100.0,
        100.0,
        100.0,
        100.0,
        100.0,
        100.0,
        100.0,
        100.0
    ],
    "metadata": {}
}