{
    "numOperations": 10,
    "releaseTimes": [
        3,
        15,
        23,
        26,
        38,
        41,
        45,
        62,
        72,
        76
    ],
    "dueDates": [
        24,
        23,
        50,
        37,
        51,
        70,
        66,
        78,
        83,
        97
    ],
    "processingTimes": [
        2,
        6,
        12,
        7,
        8,
        9,
        3,
        1,
        5,
        11
    ],
    "powerConsumptions": [
        32.9221624823718,
        6.618879275629006,
        3.293827124874255,
        7.9648577357867069,
        5.185069594911105,
        4.812524829905436,
        8.191947306210624,
        73.8349854870909,
        6.496760137338955,
        7.864419209104341
    ],
    "maxDeviation": 5,
    "numMeteringIntervals": 30,
    "lengthMeteringInterval": 15,
    "maxEnergyConsumptions": [
        100.0,
        100.0,
        100.0,
        100.0,
        100.0,
        100.0,
        100.0,
        100.0,
        100.0,
        100.0,
        100.0,
        100.0,
        100.0,
        100.0,
        100.0,
        100.0,
        100.0,
        100.0,
        100.0,
        100.0,
        100.0,
        100.0,
        100.0,
        100.0,
        100.0,
        100.0,
        100.0,
        100.0,
        100.0,
        100.0
    ],
    "metadata": {}
}