{
    "numOperations": 10,
    "releaseTimes": [
        3,
        6,
        15,
        19,
        24,
        47,
        47,
        57,
        57,
        63
    ],
    "dueDates": [
        37,
        15,
        30,
        46,
        51,
        64,
        69,
        86,
        85,
        79
    ],
    "processingTimes": [
        9,
        2,
        9,
        9,
        13,
        7,
        13,
        11,
        10,
        13
    ],
    "powerConsumptions": [
        9.15197900316533,
        46.45172493336872,
        3.511725149401609,
        9.331762411530907,
        2.379357884360068,
        2.1079093655434617,
        3.1711438669278189,
        2.891679064540531,
        7.975448062851086,
        6.910708938984419
    ],
    "maxDeviation": 5,
    "numMeteringIntervals": 30,
    "lengthMeteringInterval": 15,
    "maxEnergyConsumptions": [
        100.0,
        100.0,
        100.0,
        100.0,
        100.0,
        100.0,
        100.0,
        100.0,
        100.0,
        100.0,
        100.0,
        100.0,
        100.0,
        100.0,
        100.0,
        100.0,
        100.0,
        100.0,
        100.0,
        100.0,
        100.0,
        100.0,
        100.0,
        100.0,
        100.0,
        100.0,
        100.0,
        100.0,
        100.0,
        100.0
    ],
    "metadata": {}
}