{
    "numOperations": 10,
    "releaseTimes": [
        3,
        3,
        4,
        4,
        5,
        16,
        16,
        16,
        18,
        19
    ],
    "dueDates": [
        5,
        7,
        9,
        18,
        11,
        29,
        35,
        25,
        23,
        21
    ],
    "processingTimes": [
        1,
        1,
        3,
        12,
        1,
        8,
        14,
        4,
        4,
        2
    ],
    "powerConsumptions": [
        74.76663090259078,
        95.23403071948947,
        29.026157904495645,
        5.841371378942871,
        96.16751909418039,
        5.109871446577094,
        3.8609240241009847,
        9.189419790778393,
        7.892088171729217,
        44.990664121989748
    ],
    "maxDeviation": 5,
    "numMeteringIntervals": 30,
    "lengthMeteringInterval": 15,
    "maxEnergyConsumptions": [
        100.0,
        100.0,
        100.0,
        100.0,
        100.0,
        100.0,
        100.0,
        100.0,
        100.0,
        100.0,
        100.0,
        100.0,
        100.0,
        100.0,
        100.0,
        100.0,
        100.0,
        100.0,
        100.0,
        100.0,
        100.0,
        100.0,
        100.0,
        100.0,
        100.0,
        100.0,
        100.0,
        100.0,
        100.0,
        100.0
    ],
    "metadata": {}
}