{
    "numOperations": 10,
    "releaseTimes": [
        1,
        2,
        6,
        7,
        12,
        26,
        36,
        37,
        50,
        56
    ],
    "dueDates": [
        16,
        24,
        17,
        24,
        25,
        47,
        48,
        46,
        62,
        74
    ],
    "processingTimes": [
        15,
        12,
        8,
        8,
        10,
        11,
        7,
        8,
        8,
        11
    ],
    "powerConsumptions": [
        2.5027811109907249,
        3.082549376708666,
        6.765044284933786,
        10.379184980228395,
        5.315308456309226,
        6.3748003798172079,
        6.310533987113241,
        12.275543841208677,
        8.053606516878375,
        7.849442355521251
    ],
    "maxDeviation": 5,
    "numMeteringIntervals": 30,
    "lengthMeteringInterval": 15,
    "maxEnergyConsumptions": [
        100.0,
        100.0,
        100.0,
        100.0,
        100.0,
        100.0,
        100.0,
        100.0,
        100.0,
        100.0,
        100.0,
        100.0,
        100.0,
        100.0,
        100.0,
        100.0,
        100.0,
        100.0,
        100.0,
        100.0,
        100.0,
        100.0,
        100.0,
        100.0,
        100.0,
        100.0,
        100.0,
        100.0,
        100.0,
        100.0
    ],
    "metadata": {}
}