{
    "numOperations": 10,
    "releaseTimes": [
        0,
        9,
        12,
        17,
        20,
        22,
        22,
        23,
        24,
        26
    ],
    "dueDates": [
        10,
        18,
        25,
        31,
        26,
        39,
        31,
        32,
        41,
        36
    ],
    "processingTimes": [
        9,
        1,
        6,
        13,
        6,
        10,
        9,
        1,
        12,
        5
    ],
    "powerConsumptions": [
        4.337000611324203,
        65.1297621419576,
        10.892354890752307,
        2.9452161130361915,
        12.80388559656067,
        5.706951891238338,
        9.797419132341844,
        38.64110079793832,
        6.280439129398515,
        17.881734741190685
    ],
    "maxDeviation": 5,
    "numMeteringIntervals": 30,
    "lengthMeteringInterval": 15,
    "maxEnergyConsumptions": [
        100.0,
        100.0,
        100.0,
        100.0,
        100.0,
        100.0,
        100.0,
        100.0,
        100.0,
        100.0,
        100.0,
        100.0,
        100.0,
        100.0,
        100.0,
        100.0,
        100.0,
        100.0,
        100.0,
        100.0,
        100.0,
        100.0,
        100.0,
        100.0,
        100.0,
        100.0,
        100.0,
        100.0,
        100.0,
        100.0
    ],
    "metadata": {}
}