{
    "numOperations": 10,
    "releaseTimes": [
        8,
        8,
        21,
        23,
        26,
        34,
        41,
        43,
        45,
        56
    ],
    "dueDates": [
        27,
        24,
        28,
        35,
        32,
        44,
        49,
        59,
        62,
        63
    ],
    "processingTimes": [
        14,
        10,
        6,
        6,
        4,
        5,
        1,
        14,
        12,
        6
    ],
    "powerConsumptions": [
        2.809324049151948,
        3.8822169148351408,
        13.756123108267062,
        10.353993641462056,
        11.606827904503057,
        15.57524475265096,
        89.7965537781296,
        2.7437404409285146,
        8.007790339521817,
        5.703061026802221
    ],
    "maxDeviation": 5,
    "numMeteringIntervals": 30,
    "lengthMeteringInterval": 15,
    "maxEnergyConsumptions": [
        100.0,
        100.0,
        100.0,
        100.0,
        100.0,
        100.0,
        100.0,
        100.0,
        100.0,
        100.0,
        100.0,
        100.0,
        100.0,
        100.0,
        100.0,
        100.0,
        100.0,
        100.0,
        100.0,
        100.0,
        100.0,
        100.0,
        100.0,
        100.0,
        100.0,
        100.0,
        100.0,
        100.0,
        100.0,
        100.0
    ],
    "metadata": {}
}