{
    "numOperations": 15,
    "releaseTimes": [
        0,
        3,
        5,
        6,
        6,
        9,
        18,
        21,
        21,
        21,
        22,
        22,
        40,
        43,
        44
    ],
    "dueDates": [
        15,
        41,
        39,
        17,
        53,
        44,
        36,
        37,
        45,
        37,
        46,
        51,
        72,
        67,
        60
    ],
    "processingTimes": [
        8,
        12,
        3,
        9,
        15,
        4,
        13,
        1,
        2,
        8,
        9,
        1,
        8,
        7,
        7
    ],
    "powerConsumptions": [
        7.888210085976007,
        7.354227384927874,
        32.15385204692041,
        7.894153126798378,
        4.744875885410567,
        9.37383519740842,
        5.995355523193973,
        82.43940668464743,
        45.08812258240315,
        10.205791154029129,
        5.479039782062074,
        54.525750826600148,
        3.9484200706629117,
        9.15847470498164,
        7.545246817904939
    ],
    "maxDeviation": 5,
    "numMeteringIntervals": 45,
    "lengthMeteringInterval": 15,
    "maxEnergyConsumptions": [
        100.0,
        100.0,
        100.0,
        100.0,
        100.0,
        100.0,
        100.0,
        100.0,
        100.0,
        100.0,
        100.0,
        100.0,
        100.0,
        100.0,
        100.0,
        100.0,
        100.0,
        100.0,
        100.0,
        100.0,
        100.0,
        100.0,
        100.0,
        100.0,
        100.0,
        100.0,
        100.0,
        100.0,
        100.0,
        100.0,
        100.0,
        100.0,
        100.0,
        100.0,
        100.0,
        100.0,
        100.0,
        100.0,
        100.0,
        100.0,
        100.0,
        100.0,
        100.0,
        100.0,
        100.0
    ],
    "metadata": {}
}