{
    "numOperations": 15,
    "releaseTimes": [
        3,
        8,
        9,
        9,
        10,
        12,
        12,
        13,
        15,
        16,
        22,
        30,
        31,
        37,
        40
    ],
    "dueDates": [
        35,
        27,
        39,
        18,
        29,
        31,
        29,
        33,
        53,
        59,
        61,
        50,
        71,
        75,
        48
    ],
    "processingTimes": [
        2,
        15,
        15,
        6,
        5,
        14,
        12,
        15,
        1,
        9,
        14,
        4,
        3,
        7,
        5
    ],
    "powerConsumptions": [
        41.75037781133946,
        4.888717748655041,
        2.583042841643071,
        11.586260446118409,
        10.67104589458426,
        3.2439527332041915,
        3.877257484657244,
        5.731401006465804,
        76.7290683082812,
        9.231241935326678,
        3.1851974410581724,
        8.471672198311527,
        15.566645250186719,
        9.235478036579087,
        16.947983629464667
    ],
    "maxDeviation": 5,
    "numMeteringIntervals": 45,
    "lengthMeteringInterval": 15,
    "maxEnergyConsumptions": [
        100.0,
        100.0,
        100.0,
        100.0,
        100.0,
        100.0,
        100.0,
        100.0,
        100.0,
        100.0,
        100.0,
        100.0,
        100.0,
        100.0,
        100.0,
        100.0,
        100.0,
        100.0,
        100.0,
        100.0,
        100.0,
        100.0,
        100.0,
        100.0,
        100.0,
        100.0,
        100.0,
        100.0,
        100.0,
        100.0,
        100.0,
        100.0,
        100.0,
        100.0,
        100.0,
        100.0,
        100.0,
        100.0,
        100.0,
        100.0,
        100.0,
        100.0,
        100.0,
        100.0,
        100.0
    ],
    "metadata": {}
}