{
    "numOperations": 10,
    "releaseTimes": [
        4,
        15,
        16,
        20,
        21,
        35,
        35,
        58,
        63,
        74
    ],
    "dueDates": [
        12,
        33,
        50,
        30,
        48,
        44,
        61,
        91,
        72,
        99
    ],
    "processingTimes": [
        5,
        4,
        14,
        7,
        11,
        9,
        4,
        13,
        3,
        6
    ],
    "powerConsumptions": [
        10.143859590559164,
        17.377914730257367,
        4.354970913992084,
        8.187540911974369,
        5.288271365617103,
        9.257512798138626,
        23.31393782581084,
        5.264063497800298,
        20.820358298628859,
        14.815924492127352
    ],
    "maxDeviation": 0,
    "numMeteringIntervals": 30,
    "lengthMeteringInterval": 15,
    "maxEnergyConsumptions": [
        100.0,
        100.0,
        100.0,
        100.0,
        100.0,
        100.0,
        100.0,
        100.0,
        100.0,
        100.0,
        100.0,
        100.0,
        100.0,
        100.0,
        100.0,
        100.0,
        100.0,
        100.0,
        100.0,
        100.0,
        100.0,
        100.0,
        100.0,
        100.0,
        100.0,
        100.0,
        100.0,
        100.0,
        100.0,
        100.0
    ],
    "metadata": {}
}