{
    "numOperations": 10,
    "releaseTimes": [
        1,
        6,
        8,
        20,
        20,
        21,
        23,
        37,
        41,
        51
    ],
    "dueDates": [
        30,
        25,
        25,
        51,
        36,
        28,
        55,
        62,
        57,
        62
    ],
    "processingTimes": [
        6,
        3,
        11,
        11,
        14,
        1,
        10,
        4,
        10,
        11
    ],
    "powerConsumptions": [
        15.302467838985353,
        25.922337412988737,
        8.634008434182999,
        4.740487478667863,
        6.607367196190504,
        65.74853366789576,
        7.3691409422544968,
        18.64285625990724,
        5.555302353252035,
        5.27381675765302
    ],
    "maxDeviation": 0,
    "numMeteringIntervals": 30,
    "lengthMeteringInterval": 15,
    "maxEnergyConsumptions": [
        100.0,
        100.0,
        100.0,
        100.0,
        100.0,
        100.0,
        100.0,
        100.0,
        100.0,
        100.0,
        100.0,
        100.0,
        100.0,
        100.0,
        100.0,
        100.0,
        100.0,
        100.0,
        100.0,
        100.0,
        100.0,
        100.0,
        100.0,
        100.0,
        100.0,
        100.0,
        100.0,
        100.0,
        100.0,
        100.0
    ],
    "metadata": {}
}