{
    "numOperations": 10,
    "releaseTimes": [
        6,
        27,
        27,
        28,
        29,
        34,
        34,
        34,
        35,
        44
    ],
    "dueDates": [
        37,
        62,
        57,
        41,
        63,
        36,
        72,
        50,
        80,
        67
    ],
    "processingTimes": [
        11,
        14,
        6,
        10,
        8,
        2,
        15,
        2,
        15,
        15
    ],
    "powerConsumptions": [
        7.4892693941479548,
        3.826868741999578,
        10.229487994787837,
        6.5301642633337499,
        8.242868553881639,
        39.54282583699228,
        3.4183196613284889,
        31.621483539222788,
        4.964419978157939,
        6.146050869781528
    ],
    "maxDeviation": 0,
    "numMeteringIntervals": 30,
    "lengthMeteringInterval": 15,
    "maxEnergyConsumptions": [
        100.0,
        100.0,
        100.0,
        100.0,
        100.0,
        100.0,
        100.0,
        100.0,
        100.0,
        100.0,
        100.0,
        100.0,
        100.0,
        100.0,
        100.0,
        100.0,
        100.0,
        100.0,
        100.0,
        100.0,
        100.0,
        100.0,
        100.0,
        100.0,
        100.0,
        100.0,
        100.0,
        100.0,
        100.0,
        100.0
    ],
    "metadata": {}
}