{
    "numOperations": 10,
    "releaseTimes": [
        2,
        15,
        23,
        24,
        30,
        33,
        53,
        53,
        54,
        59
    ],
    "dueDates": [
        19,
        50,
        52,
        37,
        41,
        56,
        67,
        66,
        73,
        69
    ],
    "processingTimes": [
        1,
        15,
        12,
        13,
        6,
        3,
        7,
        1,
        12,
        4
    ],
    "powerConsumptions": [
        91.07192844430048,
        3.9749788078526175,
        6.420126817969735,
        4.588319107107586,
        11.665237508435803,
        24.04624204929894,
        11.257098624693603,
        57.30499392422195,
        6.5430533056328319,
        22.56999545028932
    ],
    "maxDeviation": 0,
    "numMeteringIntervals": 30,
    "lengthMeteringInterval": 15,
    "maxEnergyConsumptions": [
        100.0,
        100.0,
        100.0,
        100.0,
        100.0,
        100.0,
        100.0,
        100.0,
        100.0,
        100.0,
        100.0,
        100.0,
        100.0,
        100.0,
        100.0,
        100.0,
        100.0,
        100.0,
        100.0,
        100.0,
        100.0,
        100.0,
        100.0,
        100.0,
        100.0,
        100.0,
        100.0,
        100.0,
        100.0,
        100.0
    ],
    "metadata": {}
}