{
    "numOperations": 15,
    "releaseTimes": [
        3,
        5,
        6,
        8,
        12,
        20,
        29,
        36,
        36,
        36,
        36,
        42,
        45,
        51,
        51
    ],
    "dueDates": [
        17,
        26,
        9,
        21,
        30,
        27,
        34,
        43,
        43,
        47,
        41,
        54,
        54,
        59,
        56
    ],
    "processingTimes": [
        8,
        15,
        2,
        8,
        9,
        5,
        3,
        1,
        1,
        6,
        5,
        10,
        4,
        5,
        1
    ],
    "powerConsumptions": [
        6.326599341905151,
        6.599204108653511,
        25.280933103867615,
        12.233357774036654,
        6.800404003239745,
        15.156938866812743,
        33.02541278326107,
        96.20285870821383,
        65.41263587412957,
        9.450711531376753,
        11.745583428638812,
        6.9935091179783319,
        23.381634916426898,
        14.915021192254688,
        78.88384824226321
    ],
    "maxDeviation": 0,
    "numMeteringIntervals": 45,
    "lengthMeteringInterval": 15,
    "maxEnergyConsumptions": [
        100.0,
        100.0,
        100.0,
        100.0,
        100.0,
        100.0,
        100.0,
        100.0,
        100.0,
        100.0,
        100.0,
        100.0,
        100.0,
        100.0,
        100.0,
        100.0,
        100.0,
        100.0,
        100.0,
        100.0,
        100.0,
        100.0,
        100.0,
        100.0,
        100.0,
        100.0,
        100.0,
        100.0,
        100.0,
        100.0,
        100.0,
        100.0,
        100.0,
        100.0,
        100.0,
        100.0,
        100.0,
        100.0,
        100.0,
        100.0,
        100.0,
        100.0,
        100.0,
        100.0,
        100.0
    ],
    "metadata": {}
}