{
    "numOperations": 15,
    "releaseTimes": [
        31,
        31,
        41,
        41,
        52,
        86,
        91,
        101,
        119,
        127,
        129,
        130,
        145,
        147,
        151
    ],
    "dueDates": [
        39,
        46,
        67,
        63,
        68,
        95,
        116,
        105,
        133,
        135,
        144,
        141,
        167,
        163,
        168
    ],
    "processingTimes": [
        1,
        7,
        15,
        12,
        15,
        6,
        15,
        4,
        12,
        4,
        15,
        8,
        15,
        3,
        7
    ],
    "powerConsumptions": [
        93.71360916375784,
        11.315247938904543,
        3.3424189338422427,
        5.15991231133088,
        5.280982165292652,
        13.576085607437557,
        5.019800141150097,
        17.515335337589165,
        7.912956042792459,
        22.518054482849644,
        5.818197158112893,
        7.556573529582208,
        4.26116073362794,
        30.049769314972285,
        8.415436266205323
    ],
    "maxDeviation": 0,
    "numMeteringIntervals": 45,
    "lengthMeteringInterval": 15,
    "maxEnergyConsumptions": [
        100.0,
        100.0,
        100.0,
        100.0,
        100.0,
        100.0,
        100.0,
        100.0,
        100.0,
        100.0,
        100.0,
        100.0,
        100.0,
        100.0,
        100.0,
        100.0,
        100.0,
        100.0,
        100.0,
        100.0,
        100.0,
        100.0,
        100.0,
        100.0,
        100.0,
        100.0,
        100.0,
        100.0,
        100.0,
        100.0,
        100.0,
        100.0,
        100.0,
        100.0,
        100.0,
        100.0,
        100.0,
        100.0,
        100.0,
        100.0,
        100.0,
        100.0,
        100.0,
        100.0,
        100.0
    ],
    "metadata": {}
}