{
    "numOperations": 15,
    "releaseTimes": [
        0,
        1,
        14,
        20,
        44,
        46,
        64,
        64,
        68,
        82,
        92,
        98,
        103,
        103,
        110
    ],
    "dueDates": [
        11,
        23,
        27,
        34,
        64,
        58,
        76,
        89,
        76,
        99,
        116,
        109,
        122,
        112,
        127
    ],
    "processingTimes": [
        6,
        11,
        1,
        3,
        8,
        12,
        2,
        15,
        5,
        10,
        13,
        2,
        8,
        6,
        10
    ],
    "powerConsumptions": [
        12.360775140068482,
        5.5579584878260459,
        86.05394913386519,
        18.588986864042906,
        10.488209061040444,
        6.453319703287643,
        41.68699465181659,
        5.782188890815519,
        10.005761605574554,
        5.895591934774472,
        7.590878293473394,
        33.13517502302531,
        9.9920143964494,
        14.84480002075631,
        8.997470960452823
    ],
    "maxDeviation": 0,
    "numMeteringIntervals": 45,
    "lengthMeteringInterval": 15,
    "maxEnergyConsumptions": [
        100.0,
        100.0,
        100.0,
        100.0,
        100.0,
        100.0,
        100.0,
        100.0,
        100.0,
        100.0,
        100.0,
        100.0,
        100.0,
        100.0,
        100.0,
        100.0,
        100.0,
        100.0,
        100.0,
        100.0,
        100.0,
        100.0,
        100.0,
        100.0,
        100.0,
        100.0,
        100.0,
        100.0,
        100.0,
        100.0,
        100.0,
        100.0,
        100.0,
        100.0,
        100.0,
        100.0,
        100.0,
        100.0,
        100.0,
        100.0,
        100.0,
        100.0,
        100.0,
        100.0,
        100.0
    ],
    "metadata": {}
}