{
    "numOperations": 15,
    "releaseTimes": [
        3,
        6,
        6,
        7,
        8,
        16,
        18,
        33,
        36,
        37,
        64,
        87,
        91,
        92,
        92
    ],
    "dueDates": [
        14,
        30,
        20,
        32,
        17,
        47,
        31,
        48,
        53,
        48,
        78,
        108,
        112,
        121,
        113
    ],
    "processingTimes": [
        2,
        15,
        14,
        14,
        7,
        15,
        10,
        10,
        11,
        2,
        7,
        6,
        14,
        14,
        12
    ],
    "powerConsumptions": [
        41.64236810215002,
        6.538095823883523,
        6.116828563819998,
        3.588860579367705,
        7.698341383165917,
        6.634478319163126,
        7.7639217763410459,
        6.820145131495583,
        8.389385999026232,
        44.408226230216268,
        10.704923633218974,
        13.336649947147834,
        6.243398516813729,
        3.9152605947643006,
        5.368229109709508
    ],
    "maxDeviation": 0,
    "numMeteringIntervals": 45,
    "lengthMeteringInterval": 15,
    "maxEnergyConsumptions": [
        100.0,
        100.0,
        100.0,
        100.0,
        100.0,
        100.0,
        100.0,
        100.0,
        100.0,
        100.0,
        100.0,
        100.0,
        100.0,
        100.0,
        100.0,
        100.0,
        100.0,
        100.0,
        100.0,
        100.0,
        100.0,
        100.0,
        100.0,
        100.0,
        100.0,
        100.0,
        100.0,
        100.0,
        100.0,
        100.0,
        100.0,
        100.0,
        100.0,
        100.0,
        100.0,
        100.0,
        100.0,
        100.0,
        100.0,
        100.0,
        100.0,
        100.0,
        100.0,
        100.0,
        100.0
    ],
    "metadata": {}
}