{
    "numOperations": 5,
    "releaseTimes": [
        0,
        1,
        8,
        8,
        9
    ],
    "dueDates": [
        13,
        4,
        14,
        11,
        11
    ],
    "processingTimes": [
        12,
        2,
        6,
        1,
        2
    ],
    "powerConsumptions": [
        7.593291102724142,
        42.18972529379682,
        10.217798294657792,
        58.15195664741086,
        42.475026375575819
    ],
    "maxDeviation": 0,
    "numMeteringIntervals": 15,
    "lengthMeteringInterval": 15,
    "maxEnergyConsumptions": [
        100.0,
        100.0,
        100.0,
        100.0,
        100.0,
        100.0,
        100.0,
        100.0,
        100.0,
        100.0,
        100.0,
        100.0,
        100.0,
        100.0,
        100.0
    ],
    "metadata": {}
}