{
    "numOperations": 5,
    "releaseTimes": [
        0,
        5,
        12,
        14,
        18
    ],
    "dueDates": [
        12,
        13,
        19,
        28,
        34
    ],
    "processingTimes": [
        7,
        8,
        5,
        9,
        15
    ],
    "powerConsumptions": [
        12.298964002243683,
        10.962269979425003,
        13.99300553583559,
        3.9885259566628754,
        2.509348119040405
    ],
    "maxDeviation": 0,
    "numMeteringIntervals": 15,
    "lengthMeteringInterval": 15,
    "maxEnergyConsumptions": [
        100.0,
        100.0,
        100.0,
        100.0,
        100.0,
        100.0,
        100.0,
        100.0,
        100.0,
        100.0,
        100.0,
        100.0,
        100.0,
        100.0,
        100.0
    ],
    "metadata": {}
}