{
    "numOperations": 15,
    "releaseTimes": [
        4,
        4,
        14,
        16,
        18,
        18,
        21,
        34,
        37,
        37,
        37,
        39,
        41,
        43,
        45
    ],
    "dueDates": [
        28,
        35,
        32,
        37,
        35,
        30,
        51,
        43,
        70,
        50,
        51,
        73,
        62,
        71,
        51
    ],
    "processingTimes": [
        2,
        11,
        15,
        10,
        5,
        6,
        10,
        5,
        2,
        2,
        3,
        14,
        11,
        4,
        3
    ],
    "powerConsumptions": [
        28.81993409944981,
        6.858676473193375,
        6.208901462697658,
        9.976628301415398,
        16.065115154028818,
        11.074110944355006,
        7.8972738628946879,
        11.304103504666971,
        30.41840381035852,
        40.436304988332768,
        29.484161929050573,
        6.821386779256941,
        4.889262059797873,
        12.595928671405366,
        18.766803133253914
    ],
    "maxDeviation": 5,
    "numMeteringIntervals": 45,
    "lengthMeteringInterval": 15,
    "maxEnergyConsumptions": [
        100.0,
        100.0,
        100.0,
        100.0,
        100.0,
        100.0,
        100.0,
        100.0,
        100.0,
        100.0,
        100.0,
        100.0,
        100.0,
        100.0,
        100.0,
        100.0,
        100.0,
        100.0,
        100.0,
        100.0,
        100.0,
        100.0,
        100.0,
        100.0,
        100.0,
        100.0,
        100.0,
        100.0,
        100.0,
        100.0,
        100.0,
        100.0,
        100.0,
        100.0,
        100.0,
        100.0,
        100.0,
        100.0,
        100.0,
        100.0,
        100.0,
        100.0,
        100.0,
        100.0,
        100.0
    ],
    "metadata": {}
}