{
    "numOperations": 15,
    "releaseTimes": [
        2,
        8,
        8,
        14,
        14,
        19,
        24,
        36,
        39,
        59,
        61,
        73,
        80,
        83,
        83
    ],
    "dueDates": [
        49,
        14,
        39,
        46,
        38,
        53,
        53,
        47,
        78,
        77,
        92,
        98,
        106,
        116,
        116
    ],
    "processingTimes": [
        13,
        4,
        6,
        9,
        2,
        6,
        12,
        7,
        11,
        8,
        12,
        15,
        4,
        3,
        7
    ],
    "powerConsumptions": [
        4.550847033766218,
        21.65877749705564,
        10.884774243995457,
        10.04367222767274,
        33.08103793959973,
        9.675071765056357,
        7.195362954178347,
        8.121037287190335,
        5.393753488657251,
        7.304395967968397,
        5.013849232741505,
        5.2154749684542749,
        14.160481905634614,
        19.49859346850916,
        12.414072800718938
    ],
    "maxDeviation": 5,
    "numMeteringIntervals": 45,
    "lengthMeteringInterval": 15,
    "maxEnergyConsumptions": [
        100.0,
        100.0,
        100.0,
        100.0,
        100.0,
        100.0,
        100.0,
        100.0,
        100.0,
        100.0,
        100.0,
        100.0,
        100.0,
        100.0,
        100.0,
        100.0,
        100.0,
        100.0,
        100.0,
        100.0,
        100.0,
        100.0,
        100.0,
        100.0,
        100.0,
        100.0,
        100.0,
        100.0,
        100.0,
        100.0,
        100.0,
        100.0,
        100.0,
        100.0,
        100.0,
        100.0,
        100.0,
        100.0,
        100.0,
        100.0,
        100.0,
        100.0,
        100.0,
        100.0,
        100.0
    ],
    "metadata": {}
}