{
    "numOperations": 15,
    "releaseTimes": [
        3,
        8,
        10,
        13,
        13,
        14,
        14,
        22,
        28,
        31,
        40,
        45,
        45,
        54,
        60
    ],
    "dueDates": [
        4,
        47,
        53,
        30,
        48,
        43,
        19,
        61,
        46,
        55,
        55,
        67,
        76,
        86,
        83
    ],
    "processingTimes": [
        1,
        11,
        11,
        5,
        9,
        10,
        1,
        3,
        11,
        4,
        12,
        10,
        15,
        15,
        3
    ],
    "powerConsumptions": [
        87.16317578752336,
        7.365092362680527,
        8.356219124557692,
        10.658367474498837,
        9.401974741428804,
        5.420638761917036,
        93.38942816645641,
        23.335542613040059,
        7.12588070714691,
        12.67792188595876,
        5.927706459521541,
        5.013354147030823,
        4.235919276920125,
        5.755350849562938,
        20.12689167532558
    ],
    "maxDeviation": 5,
    "numMeteringIntervals": 45,
    "lengthMeteringInterval": 15,
    "maxEnergyConsumptions": [
        100.0,
        100.0,
        100.0,
        100.0,
        100.0,
        100.0,
        100.0,
        100.0,
        100.0,
        100.0,
        100.0,
        100.0,
        100.0,
        100.0,
        100.0,
        100.0,
        100.0,
        100.0,
        100.0,
        100.0,
        100.0,
        100.0,
        100.0,
        100.0,
        100.0,
        100.0,
        100.0,
        100.0,
        100.0,
        100.0,
        100.0,
        100.0,
        100.0,
        100.0,
        100.0,
        100.0,
        100.0,
        100.0,
        100.0,
        100.0,
        100.0,
        100.0,
        100.0,
        100.0,
        100.0
    ],
    "metadata": {}
}