{
    "numOperations": 15,
    "releaseTimes": [
        7,
        11,
        14,
        19,
        23,
        30,
        30,
        33,
        36,
        36,
        38,
        50,
        58,
        59,
        59
    ],
    "dueDates": [
        35,
        25,
        37,
        67,
        47,
        38,
        38,
        53,
        63,
        77,
        77,
        60,
        87,
        107,
        75
    ],
    "processingTimes": [
        6,
        6,
        5,
        15,
        5,
        5,
        2,
        8,
        9,
        13,
        9,
        7,
        10,
        13,
        2
    ],
    "powerConsumptions": [
        10.289643596461179,
        12.22560377597086,
        14.909336408919592,
        5.029957878309738,
        12.890942413959698,
        18.438761329719186,
        42.519899590729668,
        6.3110609838553899,
        9.737055246060244,
        7.4406002916697739,
        6.76689963767111,
        13.653289248813357,
        5.802662300964811,
        6.3671255902959669,
        38.37124498400894
    ],
    "maxDeviation": 5,
    "numMeteringIntervals": 45,
    "lengthMeteringInterval": 15,
    "maxEnergyConsumptions": [
        100.0,
        100.0,
        100.0,
        100.0,
        100.0,
        100.0,
        100.0,
        100.0,
        100.0,
        100.0,
        100.0,
        100.0,
        100.0,
        100.0,
        100.0,
        100.0,
        100.0,
        100.0,
        100.0,
        100.0,
        100.0,
        100.0,
        100.0,
        100.0,
        100.0,
        100.0,
        100.0,
        100.0,
        100.0,
        100.0,
        100.0,
        100.0,
        100.0,
        100.0,
        100.0,
        100.0,
        100.0,
        100.0,
        100.0,
        100.0,
        100.0,
        100.0,
        100.0,
        100.0,
        100.0
    ],
    "metadata": {}
}