{
    "numOperations": 15,
    "releaseTimes": [
        7,
        12,
        21,
        21,
        34,
        38,
        46,
        46,
        63,
        76,
        77,
        83,
        84,
        100,
        100
    ],
    "dueDates": [
        32,
        26,
        49,
        49,
        52,
        56,
        96,
        95,
        113,
        92,
        116,
        123,
        96,
        127,
        150
    ],
    "processingTimes": [
        4,
        5,
        3,
        15,
        13,
        9,
        10,
        12,
        10,
        3,
        9,
        14,
        12,
        2,
        13
    ],
    "powerConsumptions": [
        23.294697441725789,
        17.61469553057723,
        27.028368306828843,
        3.6646715569402619,
        4.457113073275775,
        8.761269741318884,
        6.325664039815684,
        4.285332873199888,
        5.0676964262700399,
        16.9358514450108,
        7.187923698579918,
        5.758602286161568,
        4.648520081504452,
        30.46201409398863,
        6.415101436859944
    ],
    "maxDeviation": 5,
    "numMeteringIntervals": 45,
    "lengthMeteringInterval": 15,
    "maxEnergyConsumptions": [
        100.0,
        100.0,
        100.0,
        100.0,
        100.0,
        100.0,
        100.0,
        100.0,
        100.0,
        100.0,
        100.0,
        100.0,
        100.0,
        100.0,
        100.0,
        100.0,
        100.0,
        100.0,
        100.0,
        100.0,
        100.0,
        100.0,
        100.0,
        100.0,
        100.0,
        100.0,
        100.0,
        100.0,
        100.0,
        100.0,
        100.0,
        100.0,
        100.0,
        100.0,
        100.0,
        100.0,
        100.0,
        100.0,
        100.0,
        100.0,
        100.0,
        100.0,
        100.0,
        100.0,
        100.0
    ],
    "metadata": {}
}