{
    "numOperations": 15,
    "releaseTimes": [
        21,
        40,
        47,
        59,
        65,
        80,
        114,
        114,
        120,
        124,
        128,
        131,
        131,
        132,
        144
    ],
    "dueDates": [
        67,
        72,
        107,
        93,
        116,
        110,
        137,
        129,
        158,
        178,
        148,
        145,
        173,
        176,
        172
    ],
    "processingTimes": [
        13,
        4,
        14,
        13,
        10,
        14,
        11,
        13,
        8,
        10,
        14,
        4,
        6,
        8,
        10
    ],
    "powerConsumptions": [
        6.007015970173403,
        15.528741176607565,
        5.232394881237795,
        4.507792240984933,
        6.6807304018013788,
        6.449301526247765,
        5.484065116230728,
        4.294900918134924,
        10.47971827588464,
        8.136071989951735,
        4.531445470854769,
        19.711910758371436,
        16.076732709014875,
        11.926161657943048,
        7.083804203926954
    ],
    "maxDeviation": 5,
    "numMeteringIntervals": 45,
    "lengthMeteringInterval": 15,
    "maxEnergyConsumptions": [
        100.0,
        100.0,
        100.0,
        100.0,
        100.0,
        100.0,
        100.0,
        100.0,
        100.0,
        100.0,
        100.0,
        100.0,
        100.0,
        100.0,
        100.0,
        100.0,
        100.0,
        100.0,
        100.0,
        100.0,
        100.0,
        100.0,
        100.0,
        100.0,
        100.0,
        100.0,
        100.0,
        100.0,
        100.0,
        100.0,
        100.0,
        100.0,
        100.0,
        100.0,
        100.0,
        100.0,
        100.0,
        100.0,
        100.0,
        100.0,
        100.0,
        100.0,
        100.0,
        100.0,
        100.0
    ],
    "metadata": {}
}