{
    "numOperations": 15,
    "releaseTimes": [
        1,
        5,
        8,
        14,
        42,
        61,
        71,
        71,
        71,
        84,
        97,
        105,
        107,
        107,
        109
    ],
    "dueDates": [
        35,
        18,
        31,
        45,
        79,
        85,
        79,
        92,
        79,
        110,
        126,
        137,
        130,
        118,
        120
    ],
    "processingTimes": [
        8,
        4,
        8,
        14,
        7,
        1,
        3,
        7,
        8,
        15,
        6,
        6,
        1,
        9,
        3
    ],
    "powerConsumptions": [
        8.783591240004864,
        20.310515231572546,
        11.379201705415344,
        5.557224795007633,
        8.675258232502373,
        60.213398586904109,
        19.847204338398034,
        9.540508065469652,
        11.492423781025707,
        3.3481300117999197,
        14.121490860495618,
        13.406542351023897,
        80.39997755705545,
        8.556189009631778,
        29.21367294001395
    ],
    "maxDeviation": 5,
    "numMeteringIntervals": 45,
    "lengthMeteringInterval": 15,
    "maxEnergyConsumptions": [
        100.0,
        100.0,
        100.0,
        100.0,
        100.0,
        100.0,
        100.0,
        100.0,
        100.0,
        100.0,
        100.0,
        100.0,
        100.0,
        100.0,
        100.0,
        100.0,
        100.0,
        100.0,
        100.0,
        100.0,
        100.0,
        100.0,
        100.0,
        100.0,
        100.0,
        100.0,
        100.0,
        100.0,
        100.0,
        100.0,
        100.0,
        100.0,
        100.0,
        100.0,
        100.0,
        100.0,
        100.0,
        100.0,
        100.0,
        100.0,
        100.0,
        100.0,
        100.0,
        100.0,
        100.0
    ],
    "metadata": {}
}