{
    "numOperations": 15,
    "releaseTimes": [
        19,
        19,
        23,
        24,
        26,
        28,
        29,
        30,
        31,
        32,
        34,
        47,
        49,
        55,
        62
    ],
    "dueDates": [
        34,
        45,
        66,
        42,
        61,
        51,
        39,
        43,
        41,
        57,
        53,
        69,
        85,
        70,
        78
    ],
    "processingTimes": [
        3,
        5,
        14,
        6,
        9,
        15,
        7,
        2,
        9,
        7,
        1,
        6,
        12,
        8,
        6
    ],
    "powerConsumptions": [
        28.86546660539952,
        10.265217505241179,
        4.084559017856235,
        9.905029034508095,
        6.390306835164391,
        5.332392481371593,
        8.502322368313097,
        49.398900658665237,
        8.077591336334491,
        9.168637219221669,
        69.79043717523155,
        11.464731896253797,
        7.035760721011407,
        10.928574869480354,
        10.229737698505602
    ],
    "maxDeviation": 5,
    "numMeteringIntervals": 45,
    "lengthMeteringInterval": 15,
    "maxEnergyConsumptions": [
        100.0,
        100.0,
        100.0,
        100.0,
        100.0,
        100.0,
        100.0,
        100.0,
        100.0,
        100.0,
        100.0,
        100.0,
        100.0,
        100.0,
        100.0,
        100.0,
        100.0,
        100.0,
        100.0,
        100.0,
        100.0,
        100.0,
        100.0,
        100.0,
        100.0,
        100.0,
        100.0,
        100.0,
        100.0,
        100.0,
        100.0,
        100.0,
        100.0,
        100.0,
        100.0,
        100.0,
        100.0,
        100.0,
        100.0,
        100.0,
        100.0,
        100.0,
        100.0,
        100.0,
        100.0
    ],
    "metadata": {}
}