{
    "numOperations": 5,
    "releaseTimes": [
        4,
        6,
        15,
        23,
        39
    ],
    "dueDates": [
        15,
        9,
        33,
        38,
        49
    ],
    "processingTimes": [
        10,
        2,
        14,
        11,
        5
    ],
    "powerConsumptions": [
        7.664292086273305,
        14.69512229467535,
        6.108885219283734,
        2.69783595483017,
        6.8726235066115939
    ],
    "maxDeviation": 3,
    "numMeteringIntervals": 15,
    "lengthMeteringInterval": 15,
    "maxEnergyConsumptions": [
        100.0,
        100.0,
        100.0,
        100.0,
        100.0,
        100.0,
        100.0,
        100.0,
        100.0,
        100.0,
        100.0,
        100.0,
        100.0,
        100.0,
        100.0
    ],
    "metadata": {}
}