{
    "numOperations": 5,
    "releaseTimes": [
        10,
        18,
        20,
        23,
        41
    ],
    "dueDates": [
        18,
        23,
        30,
        36,
        55
    ],
    "processingTimes": [
        6,
        3,
        8,
        9,
        11
    ],
    "powerConsumptions": [
        9.329049438389819,
        17.576586119126416,
        7.833293898984642,
        8.367329029468629,
        3.7333627290441675
    ],
    "maxDeviation": 3,
    "numMeteringIntervals": 15,
    "lengthMeteringInterval": 15,
    "maxEnergyConsumptions": [
        100.0,
        100.0,
        100.0,
        100.0,
        100.0,
        100.0,
        100.0,
        100.0,
        100.0,
        100.0,
        100.0,
        100.0,
        100.0,
        100.0,
        100.0
    ],
    "metadata": {}
}