{
    "numOperations": 5,
    "releaseTimes": [
        10,
        18,
        32,
        36,
        44
    ],
    "dueDates": [
        22,
        36,
        43,
        48,
        64
    ],
    "processingTimes": [
        9,
        14,
        7,
        11,
        14
    ],
    "powerConsumptions": [
        10.011297910791554,
        1.6091107066192015,
        14.148946426982893,
        4.558373489827006,
        4.022810798439552
    ],
    "maxDeviation": 3,
    "numMeteringIntervals": 15,
    "lengthMeteringInterval": 15,
    "maxEnergyConsumptions": [
        100.0,
        100.0,
        100.0,
        100.0,
        100.0,
        100.0,
        100.0,
        100.0,
        100.0,
        100.0,
        100.0,
        100.0,
        100.0,
        100.0,
        100.0
    ],
    "metadata": {}
}