{
    "numOperations": 10,
    "releaseTimes": [
        1,
        22,
        42,
        50,
        50,
        59,
        63,
        63,
        85,
        96
    ],
    "dueDates": [
        11,
        39,
        57,
        65,
        64,
        70,
        82,
        76,
        98,
        105
    ],
    "processingTimes": [
        10,
        8,
        6,
        12,
        11,
        2,
        12,
        4,
        13,
        4
    ],
    "powerConsumptions": [
        4.55108601379873,
        7.34135875818832,
        16.61978143571339,
        2.8094679194590475,
        4.162773757339419,
        45.616727746927868,
        7.177653209187947,
        10.10767379527344,
        4.9242696318891909,
        24.075609053392087
    ],
    "maxDeviation": 5,
    "numMeteringIntervals": 30,
    "lengthMeteringInterval": 15,
    "maxEnergyConsumptions": [
        100.0,
        100.0,
        100.0,
        100.0,
        100.0,
        100.0,
        100.0,
        100.0,
        100.0,
        100.0,
        100.0,
        100.0,
        100.0,
        100.0,
        100.0,
        100.0,
        100.0,
        100.0,
        100.0,
        100.0,
        100.0,
        100.0,
        100.0,
        100.0,
        100.0,
        100.0,
        100.0,
        100.0,
        100.0,
        100.0
    ],
    "metadata": {}
}