{
    "numOperations": 10,
    "releaseTimes": [
        1,
        12,
        22,
        25,
        28,
        29,
        48,
        54,
        72,
        72
    ],
    "dueDates": [
        9,
        25,
        33,
        36,
        39,
        36,
        67,
        67,
        86,
        84
    ],
    "processingTimes": [
        4,
        7,
        7,
        6,
        5,
        6,
        12,
        8,
        13,
        9
    ],
    "powerConsumptions": [
        11.353834566214669,
        6.646727116555275,
        12.281573585283866,
        12.7881780513802,
        16.61623548358802,
        7.4321273624690689,
        2.823890732770509,
        5.83749196882002,
        4.972949712004124,
        9.415546460813703
    ],
    "maxDeviation": 5,
    "numMeteringIntervals": 30,
    "lengthMeteringInterval": 15,
    "maxEnergyConsumptions": [
        100.0,
        100.0,
        100.0,
        100.0,
        100.0,
        100.0,
        100.0,
        100.0,
        100.0,
        100.0,
        100.0,
        100.0,
        100.0,
        100.0,
        100.0,
        100.0,
        100.0,
        100.0,
        100.0,
        100.0,
        100.0,
        100.0,
        100.0,
        100.0,
        100.0,
        100.0,
        100.0,
        100.0,
        100.0,
        100.0
    ],
    "metadata": {}
}