{
    "numOperations": 10,
    "releaseTimes": [
        6,
        14,
        33,
        47,
        47,
        52,
        53,
        69,
        69,
        84
    ],
    "dueDates": [
        16,
        36,
        43,
        57,
        61,
        61,
        62,
        89,
        77,
        105
    ],
    "processingTimes": [
        7,
        15,
        8,
        2,
        14,
        9,
        7,
        13,
        2,
        13
    ],
    "powerConsumptions": [
        9.853458633447597,
        2.6215253003003906,
        8.861909923226717,
        23.68121451737487,
        5.925124190024239,
        4.298060447765954,
        14.043320228753086,
        6.369167689813573,
        42.49924288732337,
        2.6941798931703819
    ],
    "maxDeviation": 5,
    "numMeteringIntervals": 30,
    "lengthMeteringInterval": 15,
    "maxEnergyConsumptions": [
        100.0,
        100.0,
        100.0,
        100.0,
        100.0,
        100.0,
        100.0,
        100.0,
        100.0,
        100.0,
        100.0,
        100.0,
        100.0,
        100.0,
        100.0,
        100.0,
        100.0,
        100.0,
        100.0,
        100.0,
        100.0,
        100.0,
        100.0,
        100.0,
        100.0,
        100.0,
        100.0,
        100.0,
        100.0,
        100.0
    ],
    "metadata": {}
}