{
    "numOperations": 10,
    "releaseTimes": [
        14,
        14,
        23,
        23,
        23,
        23,
        29,
        35,
        37,
        57
    ],
    "dueDates": [
        22,
        23,
        37,
        38,
        25,
        29,
        37,
        43,
        41,
        69
    ],
    "processingTimes": [
        4,
        9,
        8,
        11,
        2,
        2,
        6,
        7,
        4,
        6
    ],
    "powerConsumptions": [
        22.553456282276949,
        6.988226737700134,
        11.494799136653189,
        5.43597266392544,
        16.574006446780268,
        33.016955563966309,
        14.176568912967959,
        6.72433375432174,
        10.298697087393542,
        16.47861013332935
    ],
    "maxDeviation": 5,
    "numMeteringIntervals": 30,
    "lengthMeteringInterval": 15,
    "maxEnergyConsumptions": [
        100.0,
        100.0,
        100.0,
        100.0,
        100.0,
        100.0,
        100.0,
        100.0,
        100.0,
        100.0,
        100.0,
        100.0,
        100.0,
        100.0,
        100.0,
        100.0,
        100.0,
        100.0,
        100.0,
        100.0,
        100.0,
        100.0,
        100.0,
        100.0,
        100.0,
        100.0,
        100.0,
        100.0,
        100.0,
        100.0
    ],
    "metadata": {}
}