{
    "numOperations": 15,
    "releaseTimes": [
        4,
        6,
        10,
        14,
        20,
        24,
        25,
        46,
        50,
        54,
        63,
        68,
        69,
        70,
        78
    ],
    "dueDates": [
        32,
        21,
        16,
        25,
        34,
        43,
        40,
        57,
        76,
        65,
        72,
        93,
        98,
        93,
        105
    ],
    "processingTimes": [
        15,
        4,
        5,
        9,
        11,
        8,
        8,
        6,
        13,
        7,
        1,
        14,
        15,
        9,
        15
    ],
    "powerConsumptions": [
        5.20334359353076,
        18.489971259475707,
        11.553173893067921,
        6.600398722403537,
        5.767555478663867,
        10.869195607506042,
        6.32943928822848,
        10.533734999092129,
        4.618992061604908,
        8.92604274230603,
        76.0645224396753,
        4.9543877669460969,
        5.115575528734682,
        8.408062377505502,
        3.3052291465890928
    ],
    "maxDeviation": 3,
    "numMeteringIntervals": 45,
    "lengthMeteringInterval": 15,
    "maxEnergyConsumptions": [
        100.0,
        100.0,
        100.0,
        100.0,
        100.0,
        100.0,
        100.0,
        100.0,
        100.0,
        100.0,
        100.0,
        100.0,
        100.0,
        100.0,
        100.0,
        100.0,
        100.0,
        100.0,
        100.0,
        100.0,
        100.0,
        100.0,
        100.0,
        100.0,
        100.0,
        100.0,
        100.0,
        100.0,
        100.0,
        100.0,
        100.0,
        100.0,
        100.0,
        100.0,
        100.0,
        100.0,
        100.0,
        100.0,
        100.0,
        100.0,
        100.0,
        100.0,
        100.0,
        100.0,
        100.0
    ],
    "metadata": {}
}