{
    "numOperations": 15,
    "releaseTimes": [
        0,
        9,
        17,
        53,
        58,
        61,
        64,
        66,
        67,
        67,
        68,
        74,
        75,
        81,
        83
    ],
    "dueDates": [
        30,
        63,
        35,
        84,
        103,
        99,
        76,
        106,
        109,
        104,
        103,
        86,
        111,
        97,
        98
    ],
    "processingTimes": [
        7,
        15,
        8,
        2,
        14,
        9,
        7,
        13,
        2,
        13,
        5,
        9,
        4,
        11,
        13
    ],
    "powerConsumptions": [
        11.9952822393551,
        4.103879515891167,
        9.060174346290772,
        44.05543964147191,
        4.337800124560558,
        9.493731006078678,
        9.6378387208205,
        3.972940389976205,
        44.554112660683539,
        6.677526982986825,
        12.024531625191973,
        8.447900993106753,
        19.50099290242137,
        5.062769858172159,
        7.202828692593858
    ],
    "maxDeviation": 5,
    "numMeteringIntervals": 45,
    "lengthMeteringInterval": 15,
    "maxEnergyConsumptions": [
        100.0,
        100.0,
        100.0,
        100.0,
        100.0,
        100.0,
        100.0,
        100.0,
        100.0,
        100.0,
        100.0,
        100.0,
        100.0,
        100.0,
        100.0,
        100.0,
        100.0,
        100.0,
        100.0,
        100.0,
        100.0,
        100.0,
        100.0,
        100.0,
        100.0,
        100.0,
        100.0,
        100.0,
        100.0,
        100.0,
        100.0,
        100.0,
        100.0,
        100.0,
        100.0,
        100.0,
        100.0,
        100.0,
        100.0,
        100.0,
        100.0,
        100.0,
        100.0,
        100.0,
        100.0
    ],
    "metadata": {}
}