{
    "numOperations": 15,
    "releaseTimes": [
        5,
        14,
        24,
        24,
        26,
        34,
        49,
        55,
        58,
        61,
        61,
        62,
        64,
        90,
        91
    ],
    "dueDates": [
        37,
        33,
        42,
        41,
        53,
        43,
        75,
        76,
        78,
        86,
        75,
        91,
        84,
        106,
        123
    ],
    "processingTimes": [
        13,
        8,
        4,
        2,
        3,
        3,
        6,
        14,
        1,
        13,
        13,
        12,
        1,
        2,
        8
    ],
    "powerConsumptions": [
        4.809458599910482,
        6.953917585469423,
        16.15082128266217,
        26.055373296056549,
        23.520352484416248,
        24.783931000219697,
        15.373502117974918,
        5.689962254970845,
        63.62462861649121,
        4.686778279128462,
        7.557830152366045,
        4.350702182168007,
        90.72913457568615,
        39.90113076152496,
        11.574604974698915
    ],
    "maxDeviation": 5,
    "numMeteringIntervals": 45,
    "lengthMeteringInterval": 15,
    "maxEnergyConsumptions": [
        100.0,
        100.0,
        100.0,
        100.0,
        100.0,
        100.0,
        100.0,
        100.0,
        100.0,
        100.0,
        100.0,
        100.0,
        100.0,
        100.0,
        100.0,
        100.0,
        100.0,
        100.0,
        100.0,
        100.0,
        100.0,
        100.0,
        100.0,
        100.0,
        100.0,
        100.0,
        100.0,
        100.0,
        100.0,
        100.0,
        100.0,
        100.0,
        100.0,
        100.0,
        100.0,
        100.0,
        100.0,
        100.0,
        100.0,
        100.0,
        100.0,
        100.0,
        100.0,
        100.0,
        100.0
    ],
    "metadata": {}
}