{
    "numOperations": 15,
    "releaseTimes": [
        1,
        4,
        8,
        8,
        12,
        23,
        26,
        29,
        31,
        34,
        44,
        47,
        48,
        62,
        64
    ],
    "dueDates": [
        11,
        22,
        19,
        32,
        54,
        40,
        52,
        39,
        39,
        49,
        59,
        66,
        79,
        84,
        105
    ],
    "processingTimes": [
        8,
        8,
        11,
        14,
        11,
        6,
        2,
        9,
        5,
        15,
        1,
        2,
        1,
        5,
        9
    ],
    "powerConsumptions": [
        8.85245500304686,
        6.431575158412754,
        5.363713466556889,
        5.064425345345889,
        8.800121123426577,
        9.204319449331333,
        35.290707734679987,
        6.571414444809532,
        17.606701602966564,
        6.456463745884073,
        60.74903620327382,
        41.149653348524669,
        52.914044824557297,
        18.604504206441044,
        9.847939765017364
    ],
    "maxDeviation": 5,
    "numMeteringIntervals": 45,
    "lengthMeteringInterval": 15,
    "maxEnergyConsumptions": [
        100.0,
        100.0,
        100.0,
        100.0,
        100.0,
        100.0,
        100.0,
        100.0,
        100.0,
        100.0,
        100.0,
        100.0,
        100.0,
        100.0,
        100.0,
        100.0,
        100.0,
        100.0,
        100.0,
        100.0,
        100.0,
        100.0,
        100.0,
        100.0,
        100.0,
        100.0,
        100.0,
        100.0,
        100.0,
        100.0,
        100.0,
        100.0,
        100.0,
        100.0,
        100.0,
        100.0,
        100.0,
        100.0,
        100.0,
        100.0,
        100.0,
        100.0,
        100.0,
        100.0,
        100.0
    ],
    "metadata": {}
}