{
    "numOperations": 15,
    "releaseTimes": [
        14,
        41,
        50,
        55,
        63,
        74,
        81,
        99,
        109,
        110,
        112,
        128,
        148,
        155,
        165
    ],
    "dueDates": [
        60,
        72,
        86,
        108,
        73,
        108,
        104,
        152,
        153,
        140,
        175,
        169,
        199,
        170,
        192
    ],
    "processingTimes": [
        14,
        9,
        15,
        4,
        6,
        13,
        8,
        9,
        11,
        10,
        14,
        15,
        13,
        9,
        12
    ],
    "powerConsumptions": [
        5.297573442811128,
        6.979439820683761,
        4.234644103113719,
        22.143856218562264,
        11.247625965790933,
        5.962765611139673,
        4.934804741035799,
        10.726822138515054,
        4.939969847062437,
        9.91899677483297,
        4.952179059600738,
        4.711537318588993,
        2.3177519806867519,
        6.210239878841808,
        5.604643709725792
    ],
    "maxDeviation": 3,
    "numMeteringIntervals": 45,
    "lengthMeteringInterval": 15,
    "maxEnergyConsumptions": [
        100.0,
        100.0,
        100.0,
        100.0,
        100.0,
        100.0,
        100.0,
        100.0,
        100.0,
        100.0,
        100.0,
        100.0,
        100.0,
        100.0,
        100.0,
        100.0,
        100.0,
        100.0,
        100.0,
        100.0,
        100.0,
        100.0,
        100.0,
        100.0,
        100.0,
        100.0,
        100.0,
        100.0,
        100.0,
        100.0,
        100.0,
        100.0,
        100.0,
        100.0,
        100.0,
        100.0,
        100.0,
        100.0,
        100.0,
        100.0,
        100.0,
        100.0,
        100.0,
        100.0,
        100.0
    ],
    "metadata": {}
}