{
    "numOperations": 15,
    "releaseTimes": [
        9,
        33,
        37,
        57,
        58,
        61,
        68,
        71,
        74,
        80,
        91,
        111,
        112,
        112,
        114
    ],
    "dueDates": [
        46,
        67,
        69,
        74,
        105,
        72,
        95,
        102,
        97,
        94,
        136,
        147,
        131,
        147,
        155
    ],
    "processingTimes": [
        14,
        13,
        1,
        3,
        10,
        1,
        7,
        6,
        8,
        12,
        7,
        15,
        1,
        14,
        12
    ],
    "powerConsumptions": [
        4.448750828648024,
        5.327337998563103,
        43.224907616086628,
        22.432516593737178,
        7.307395901813507,
        61.30053108866811,
        5.380599602747886,
        8.952824801640967,
        5.633689940493667,
        7.751452150578056,
        9.329624880803099,
        2.6051760238034307,
        45.43691166153905,
        5.541131162594408,
        8.14840277395529
    ],
    "maxDeviation": 3,
    "numMeteringIntervals": 45,
    "lengthMeteringInterval": 15,
    "maxEnergyConsumptions": [
        100.0,
        100.0,
        100.0,
        100.0,
        100.0,
        100.0,
        100.0,
        100.0,
        100.0,
        100.0,
        100.0,
        100.0,
        100.0,
        100.0,
        100.0,
        100.0,
        100.0,
        100.0,
        100.0,
        100.0,
        100.0,
        100.0,
        100.0,
        100.0,
        100.0,
        100.0,
        100.0,
        100.0,
        100.0,
        100.0,
        100.0,
        100.0,
        100.0,
        100.0,
        100.0,
        100.0,
        100.0,
        100.0,
        100.0,
        100.0,
        100.0,
        100.0,
        100.0,
        100.0,
        100.0
    ],
    "metadata": {}
}