{
    "numOperations": 10,
    "releaseTimes": [
        12,
        12,
        14,
        24,
        34,
        43,
        48,
        53,
        57,
        59
    ],
    "dueDates": [
        13,
        19,
        29,
        44,
        43,
        65,
        53,
        70,
        62,
        73
    ],
    "processingTimes": [
        1,
        7,
        12,
        14,
        8,
        14,
        5,
        15,
        2,
        8
    ],
    "powerConsumptions": [
        55.58000407345153,
        5.3872415229511649,
        2.961366886531112,
        5.658340518254819,
        6.944059180521418,
        2.5604258132470818,
        19.01397598285351,
        2.411035742356209,
        25.442482877042168,
        4.377895510037543
    ],
    "maxDeviation": 3,
    "numMeteringIntervals": 30,
    "lengthMeteringInterval": 15,
    "maxEnergyConsumptions": [
        100.0,
        100.0,
        100.0,
        100.0,
        100.0,
        100.0,
        100.0,
        100.0,
        100.0,
        100.0,
        100.0,
        100.0,
        100.0,
        100.0,
        100.0,
        100.0,
        100.0,
        100.0,
        100.0,
        100.0,
        100.0,
        100.0,
        100.0,
        100.0,
        100.0,
        100.0,
        100.0,
        100.0,
        100.0,
        100.0
    ],
    "metadata": {}
}