{
    "numOperations": 10,
    "releaseTimes": [
        7,
        15,
        18,
        22,
        24,
        35,
        35,
        46,
        51,
        69
    ],
    "dueDates": [
        13,
        30,
        37,
        43,
        47,
        50,
        49,
        55,
        61,
        82
    ],
    "processingTimes": [
        1,
        15,
        14,
        11,
        15,
        11,
        12,
        4,
        8,
        7
    ],
    "powerConsumptions": [
        67.45083277088217,
        5.3755796789940979,
        4.928187697943029,
        5.638911451330119,
        3.2476387838044986,
        7.268204713404347,
        3.953422937339052,
        19.982168994845059,
        10.826411991408073,
        11.157165139930234
    ],
    "maxDeviation": 3,
    "numMeteringIntervals": 30,
    "lengthMeteringInterval": 15,
    "maxEnergyConsumptions": [
        100.0,
        100.0,
        100.0,
        100.0,
        100.0,
        100.0,
        100.0,
        100.0,
        100.0,
        100.0,
        100.0,
        100.0,
        100.0,
        100.0,
        100.0,
        100.0,
        100.0,
        100.0,
        100.0,
        100.0,
        100.0,
        100.0,
        100.0,
        100.0,
        100.0,
        100.0,
        100.0,
        100.0,
        100.0,
        100.0
    ],
    "metadata": {}
}