{
    "numOperations": 10,
    "releaseTimes": [
        8,
        11,
        11,
        21,
        30,
        31,
        36,
        41,
        41,
        55
    ],
    "dueDates": [
        14,
        24,
        25,
        26,
        33,
        43,
        50,
        55,
        52,
        66
    ],
    "processingTimes": [
        6,
        11,
        10,
        4,
        3,
        7,
        14,
        12,
        9,
        4
    ],
    "powerConsumptions": [
        13.977208918343017,
        5.2354394049672179,
        7.532404801015694,
        9.416375740734619,
        21.18905651712836,
        12.508348687454495,
        6.979531498098395,
        5.22544632996482,
        3.782159133348418,
        7.5272931334278019
    ],
    "maxDeviation": 3,
    "numMeteringIntervals": 30,
    "lengthMeteringInterval": 15,
    "maxEnergyConsumptions": [
        100.0,
        100.0,
        100.0,
        100.0,
        100.0,
        100.0,
        100.0,
        100.0,
        100.0,
        100.0,
        100.0,
        100.0,
        100.0,
        100.0,
        100.0,
        100.0,
        100.0,
        100.0,
        100.0,
        100.0,
        100.0,
        100.0,
        100.0,
        100.0,
        100.0,
        100.0,
        100.0,
        100.0,
        100.0,
        100.0
    ],
    "metadata": {}
}