{
    "numOperations": 10,
    "releaseTimes": [
        13,
        19,
        19,
        21,
        21,
        34,
        59,
        64,
        74,
        80
    ],
    "dueDates": [
        34,
        32,
        29,
        27,
        37,
        46,
        73,
        88,
        86,
        97
    ],
    "processingTimes": [
        12,
        7,
        6,
        4,
        14,
        8,
        10,
        15,
        6,
        9
    ],
    "powerConsumptions": [
        6.237149538861928,
        9.53535163487457,
        13.590714759788869,
        14.245151466319701,
        4.886305592949477,
        11.321777898066334,
        7.0651255097366489,
        2.775460188864047,
        12.23146862615589,
        8.978411885773678
    ],
    "maxDeviation": 3,
    "numMeteringIntervals": 30,
    "lengthMeteringInterval": 15,
    "maxEnergyConsumptions": [
        100.0,
        100.0,
        100.0,
        100.0,
        100.0,
        100.0,
        100.0,
        100.0,
        100.0,
        100.0,
        100.0,
        100.0,
        100.0,
        100.0,
        100.0,
        100.0,
        100.0,
        100.0,
        100.0,
        100.0,
        100.0,
        100.0,
        100.0,
        100.0,
        100.0,
        100.0,
        100.0,
        100.0,
        100.0,
        100.0
    ],
    "metadata": {}
}