{
    "numOperations": 10,
    "releaseTimes": [
        2,
        12,
        13,
        17,
        19,
        21,
        28,
        42,
        42,
        44
    ],
    "dueDates": [
        30,
        29,
        32,
        27,
        42,
        38,
        54,
        62,
        65,
        61
    ],
    "processingTimes": [
        12,
        1,
        2,
        1,
        14,
        4,
        12,
        4,
        5,
        12
    ],
    "powerConsumptions": [
        2.1863945562971986,
        80.89363162526255,
        8.476475396466603,
        85.70042357297837,
        6.788067608708672,
        23.78416538576189,
        3.662175538862842,
        21.14585804070557,
        6.114814773657587,
        7.294053639188925
    ],
    "maxDeviation": 0,
    "numMeteringIntervals": 30,
    "lengthMeteringInterval": 15,
    "maxEnergyConsumptions": [
        100.0,
        100.0,
        100.0,
        100.0,
        100.0,
        100.0,
        100.0,
        100.0,
        100.0,
        100.0,
        100.0,
        100.0,
        100.0,
        100.0,
        100.0,
        100.0,
        100.0,
        100.0,
        100.0,
        100.0,
        100.0,
        100.0,
        100.0,
        100.0,
        100.0,
        100.0,
        100.0,
        100.0,
        100.0,
        100.0
    ],
    "metadata": {}
}