{
    "numOperations": 10,
    "releaseTimes": [
        2,
        3,
        12,
        31,
        34,
        41,
        44,
        49,
        74,
        74
    ],
    "dueDates": [
        21,
        21,
        51,
        65,
        51,
        60,
        72,
        76,
        85,
        85
    ],
    "processingTimes": [
        1,
        15,
        13,
        14,
        8,
        12,
        15,
        7,
        4,
        7
    ],
    "powerConsumptions": [
        63.890175950306858,
        1.1089394019747517,
        2.17436647994378,
        5.423848506973733,
        12.02991604648907,
        6.3869100718944209,
        1.9593496392900467,
        12.217770438567469,
        7.419048875782967,
        4.909016790436852
    ],
    "maxDeviation": 0,
    "numMeteringIntervals": 30,
    "lengthMeteringInterval": 15,
    "maxEnergyConsumptions": [
        100.0,
        100.0,
        100.0,
        100.0,
        100.0,
        100.0,
        100.0,
        100.0,
        100.0,
        100.0,
        100.0,
        100.0,
        100.0,
        100.0,
        100.0,
        100.0,
        100.0,
        100.0,
        100.0,
        100.0,
        100.0,
        100.0,
        100.0,
        100.0,
        100.0,
        100.0,
        100.0,
        100.0,
        100.0,
        100.0
    ],
    "metadata": {}
}