{
    "numOperations": 10,
    "releaseTimes": [
        4,
        4,
        5,
        7,
        7,
        7,
        14,
        15,
        32,
        38
    ],
    "dueDates": [
        24,
        11,
        23,
        36,
        26,
        34,
        50,
        40,
        60,
        46
    ],
    "processingTimes": [
        11,
        3,
        5,
        14,
        1,
        9,
        15,
        13,
        9,
        4
    ],
    "powerConsumptions": [
        1.0110487349394329,
        27.498145195755844,
        12.142809968945276,
        4.41490748280702,
        75.56077861693798,
        6.2193662922598789,
        3.5153172238252829,
        4.820488553221318,
        8.367329029468629,
        10.26674750487146
    ],
    "maxDeviation": 0,
    "numMeteringIntervals": 30,
    "lengthMeteringInterval": 15,
    "maxEnergyConsumptions": [
        100.0,
        100.0,
        100.0,
        100.0,
        100.0,
        100.0,
        100.0,
        100.0,
        100.0,
        100.0,
        100.0,
        100.0,
        100.0,
        100.0,
        100.0,
        100.0,
        100.0,
        100.0,
        100.0,
        100.0,
        100.0,
        100.0,
        100.0,
        100.0,
        100.0,
        100.0,
        100.0,
        100.0,
        100.0,
        100.0
    ],
    "metadata": {}
}