{
    "numOperations": 10,
    "releaseTimes": [
        22,
        25,
        29,
        30,
        34,
        40,
        42,
        71,
        73,
        81
    ],
    "dueDates": [
        58,
        50,
        51,
        42,
        44,
        57,
        50,
        86,
        88,
        101
    ],
    "processingTimes": [
        11,
        6,
        7,
        9,
        1,
        14,
        3,
        10,
        15,
        10
    ],
    "powerConsumptions": [
        7.1648478048359449,
        16.136233687804589,
        10.239946014210363,
        5.908226768991023,
        53.07923788310236,
        6.2761962107277819,
        24.93623858721826,
        6.198255249022083,
        3.4669843454152797,
        9.470596398855577
    ],
    "maxDeviation": 5,
    "numMeteringIntervals": 30,
    "lengthMeteringInterval": 15,
    "maxEnergyConsumptions": [
        100.0,
        100.0,
        100.0,
        100.0,
        100.0,
        100.0,
        100.0,
        100.0,
        100.0,
        100.0,
        100.0,
        100.0,
        100.0,
        100.0,
        100.0,
        100.0,
        100.0,
        100.0,
        100.0,
        100.0,
        100.0,
        100.0,
        100.0,
        100.0,
        100.0,
        100.0,
        100.0,
        100.0,
        100.0,
        100.0
    ],
    "metadata": {}
}