{
    "numOperations": 10,
    "releaseTimes": [
        2,
        6,
        17,
        18,
        22,
        26,
        26,
        28,
        43,
        51
    ],
    "dueDates": [
        17,
        21,
        27,
        53,
        32,
        57,
        54,
        46,
        54,
        73
    ],
    "processingTimes": [
        14,
        4,
        5,
        14,
        1,
        15,
        8,
        1,
        3,
        15
    ],
    "powerConsumptions": [
        4.372389504933116,
        24.71435978801696,
        17.644988384417226,
        5.915790585476398,
        57.43041792351463,
        3.706789927688672,
        8.58912939367006,
        67.44062558042968,
        18.83914062250858,
        4.490126671673521
    ],
    "maxDeviation": 5,
    "numMeteringIntervals": 30,
    "lengthMeteringInterval": 15,
    "maxEnergyConsumptions": [
        100.0,
        100.0,
        100.0,
        100.0,
        100.0,
        100.0,
        100.0,
        100.0,
        100.0,
        100.0,
        100.0,
        100.0,
        100.0,
        100.0,
        100.0,
        100.0,
        100.0,
        100.0,
        100.0,
        100.0,
        100.0,
        100.0,
        100.0,
        100.0,
        100.0,
        100.0,
        100.0,
        100.0,
        100.0,
        100.0
    ],
    "metadata": {}
}