{
    "numOperations": 15,
    "releaseTimes": [
        1,
        4,
        15,
        25,
        37,
        45,
        52,
        69,
        70,
        77,
        86,
        90,
        93,
        95,
        97
    ],
    "dueDates": [
        56,
        54,
        24,
        48,
        83,
        69,
        100,
        117,
        111,
        101,
        111,
        140,
        105,
        104,
        118
    ],
    "processingTimes": [
        14,
        9,
        4,
        5,
        12,
        1,
        12,
        9,
        3,
        13,
        12,
        9,
        12,
        5,
        14
    ],
    "powerConsumptions": [
        2.3314283132903426,
        8.542146286625929,
        19.7188961352716,
        19.875423146477286,
        4.269434779170378,
        90.33773785799724,
        2.993852680014007,
        6.962977863409347,
        32.821174699789448,
        4.987450423511573,
        6.426047829338965,
        6.458039521616113,
        8.006603248828347,
        7.032877834895471,
        2.911741212323633
    ],
    "maxDeviation": 3,
    "numMeteringIntervals": 45,
    "lengthMeteringInterval": 15,
    "maxEnergyConsumptions": [
        100.0,
        100.0,
        100.0,
        100.0,
        100.0,
        100.0,
        100.0,
        100.0,
        100.0,
        100.0,
        100.0,
        100.0,
        100.0,
        100.0,
        100.0,
        100.0,
        100.0,
        100.0,
        100.0,
        100.0,
        100.0,
        100.0,
        100.0,
        100.0,
        100.0,
        100.0,
        100.0,
        100.0,
        100.0,
        100.0,
        100.0,
        100.0,
        100.0,
        100.0,
        100.0,
        100.0,
        100.0,
        100.0,
        100.0,
        100.0,
        100.0,
        100.0,
        100.0,
        100.0,
        100.0
    ],
    "metadata": {}
}