{
    "numOperations": 15,
    "releaseTimes": [
        11,
        23,
        24,
        25,
        27,
        27,
        31,
        42,
        44,
        45,
        52,
        59,
        61,
        63,
        63
    ],
    "dueDates": [
        24,
        28,
        47,
        53,
        35,
        34,
        61,
        85,
        63,
        88,
        72,
        105,
        87,
        86,
        70
    ],
    "processingTimes": [
        8,
        5,
        7,
        13,
        2,
        3,
        13,
        11,
        8,
        15,
        14,
        11,
        5,
        15,
        3
    ],
    "powerConsumptions": [
        5.451991874675793,
        6.658458244018663,
        11.319766327473714,
        3.2418437013215066,
        42.07498735095665,
        27.43052357081443,
        4.320203497029919,
        5.006626119486999,
        4.648215523594323,
        2.514931834176024,
        4.046640121717148,
        4.071407505052773,
        10.054500866695359,
        3.122514780724285,
        21.972805066565959
    ],
    "maxDeviation": 3,
    "numMeteringIntervals": 45,
    "lengthMeteringInterval": 15,
    "maxEnergyConsumptions": [
        100.0,
        100.0,
        100.0,
        100.0,
        100.0,
        100.0,
        100.0,
        100.0,
        100.0,
        100.0,
        100.0,
        100.0,
        100.0,
        100.0,
        100.0,
        100.0,
        100.0,
        100.0,
        100.0,
        100.0,
        100.0,
        100.0,
        100.0,
        100.0,
        100.0,
        100.0,
        100.0,
        100.0,
        100.0,
        100.0,
        100.0,
        100.0,
        100.0,
        100.0,
        100.0,
        100.0,
        100.0,
        100.0,
        100.0,
        100.0,
        100.0,
        100.0,
        100.0,
        100.0,
        100.0
    ],
    "metadata": {}
}