{
    "numOperations": 15,
    "releaseTimes": [
        0,
        4,
        5,
        14,
        16,
        16,
        16,
        25,
        25,
        25,
        27,
        39,
        41,
        42,
        61
    ],
    "dueDates": [
        55,
        41,
        56,
        50,
        38,
        45,
        51,
        59,
        65,
        41,
        43,
        52,
        90,
        87,
        107
    ],
    "processingTimes": [
        15,
        6,
        9,
        5,
        2,
        7,
        12,
        11,
        12,
        13,
        10,
        10,
        12,
        9,
        4
    ],
    "powerConsumptions": [
        4.452134729965062,
        14.12793504500771,
        4.091714587625353,
        8.924487282919572,
        23.623366824766224,
        5.889811958739118,
        8.027053606662915,
        8.705530310549236,
        6.597188470600308,
        2.4855367034094666,
        8.088354937227772,
        6.0479102656605,
        3.0107155773841369,
        10.75321549480982,
        21.52133215984863
    ],
    "maxDeviation": 3,
    "numMeteringIntervals": 45,
    "lengthMeteringInterval": 15,
    "maxEnergyConsumptions": [
        100.0,
        100.0,
        100.0,
        100.0,
        100.0,
        100.0,
        100.0,
        100.0,
        100.0,
        100.0,
        100.0,
        100.0,
        100.0,
        100.0,
        100.0,
        100.0,
        100.0,
        100.0,
        100.0,
        100.0,
        100.0,
        100.0,
        100.0,
        100.0,
        100.0,
        100.0,
        100.0,
        100.0,
        100.0,
        100.0,
        100.0,
        100.0,
        100.0,
        100.0,
        100.0,
        100.0,
        100.0,
        100.0,
        100.0,
        100.0,
        100.0,
        100.0,
        100.0,
        100.0,
        100.0
    ],
    "metadata": {}
}