{
    "numOperations": 15,
    "releaseTimes": [
        3,
        3,
        7,
        10,
        11,
        14,
        17,
        17,
        19,
        19,
        19,
        20,
        30,
        36,
        37
    ],
    "dueDates": [
        6,
        20,
        44,
        58,
        32,
        33,
        25,
        54,
        54,
        37,
        24,
        44,
        44,
        54,
        48
    ],
    "processingTimes": [
        1,
        7,
        12,
        14,
        8,
        14,
        5,
        15,
        2,
        8,
        2,
        12,
        4,
        1,
        9
    ],
    "powerConsumptions": [
        98.4753545565855,
        11.195316860320475,
        6.544057125570653,
        3.292230488858831,
        7.472815242061312,
        5.036541425618656,
        14.57414299565047,
        3.614190925425916,
        28.769726606710436,
        5.585859451382651,
        40.24580369081858,
        3.097377962230329,
        20.3701417223246,
        61.62885981013322,
        10.115912067617666
    ],
    "maxDeviation": 3,
    "numMeteringIntervals": 45,
    "lengthMeteringInterval": 15,
    "maxEnergyConsumptions": [
        100.0,
        100.0,
        100.0,
        100.0,
        100.0,
        100.0,
        100.0,
        100.0,
        100.0,
        100.0,
        100.0,
        100.0,
        100.0,
        100.0,
        100.0,
        100.0,
        100.0,
        100.0,
        100.0,
        100.0,
        100.0,
        100.0,
        100.0,
        100.0,
        100.0,
        100.0,
        100.0,
        100.0,
        100.0,
        100.0,
        100.0,
        100.0,
        100.0,
        100.0,
        100.0,
        100.0,
        100.0,
        100.0,
        100.0,
        100.0,
        100.0,
        100.0,
        100.0,
        100.0,
        100.0
    ],
    "metadata": {}
}