{
    "numOperations": 10,
    "releaseTimes": [
        0,
        7,
        9,
        11,
        12,
        22,
        25,
        25,
        37,
        40
    ],
    "dueDates": [
        32,
        19,
        14,
        24,
        49,
        49,
        28,
        30,
        44,
        73
    ],
    "processingTimes": [
        12,
        1,
        5,
        7,
        15,
        7,
        3,
        4,
        6,
        13
    ],
    "powerConsumptions": [
        5.620900738507504,
        51.42978554526543,
        11.131271755482839,
        13.890310781401615,
        5.077730616042546,
        10.122537303116733,
        22.062341493052306,
        14.008421200256276,
        11.2823959815261,
        2.546632420471794
    ],
    "maxDeviation": 5,
    "numMeteringIntervals": 30,
    "lengthMeteringInterval": 15,
    "maxEnergyConsumptions": [
        100.0,
        100.0,
        100.0,
        100.0,
        100.0,
        100.0,
        100.0,
        100.0,
        100.0,
        100.0,
        100.0,
        100.0,
        100.0,
        100.0,
        100.0,
        100.0,
        100.0,
        100.0,
        100.0,
        100.0,
        100.0,
        100.0,
        100.0,
        100.0,
        100.0,
        100.0,
        100.0,
        100.0,
        100.0,
        100.0
    ],
    "metadata": {}
}