{
    "numOperations": 10,
    "releaseTimes": [
        2,
        7,
        7,
        11,
        11,
        17,
        19,
        19,
        22,
        29
    ],
    "dueDates": [
        31,
        23,
        27,
        27,
        27,
        30,
        28,
        37,
        45,
        48
    ],
    "processingTimes": [
        9,
        3,
        5,
        12,
        15,
        3,
        1,
        3,
        5,
        11
    ],
    "powerConsumptions": [
        10.33793143792104,
        14.079919699735092,
        18.93445573029817,
        5.7602904521718119,
        4.2693436638296788,
        22.426464589847119,
        71.54483766661072,
        13.69295758602585,
        16.059567432218239,
        5.317124890024945
    ],
    "maxDeviation": 5,
    "numMeteringIntervals": 30,
    "lengthMeteringInterval": 15,
    "maxEnergyConsumptions": [
        100.0,
        100.0,
        100.0,
        100.0,
        100.0,
        100.0,
        100.0,
        100.0,
        100.0,
        100.0,
        100.0,
        100.0,
        100.0,
        100.0,
        100.0,
        100.0,
        100.0,
        100.0,
        100.0,
        100.0,
        100.0,
        100.0,
        100.0,
        100.0,
        100.0,
        100.0,
        100.0,
        100.0,
        100.0,
        100.0
    ],
    "metadata": {}
}