{
    "numOperations": 15,
    "releaseTimes": [
        11,
        13,
        13,
        26,
        30,
        45,
        46,
        48,
        53,
        53,
        62,
        91,
        96,
        98,
        99
    ],
    "dueDates": [
        52,
        57,
        30,
        75,
        60,
        56,
        68,
        92,
        97,
        76,
        118,
        143,
        121,
        146,
        138
    ],
    "processingTimes": [
        10,
        11,
        10,
        10,
        15,
        4,
        2,
        1,
        10,
        9,
        13,
        14,
        14,
        11,
        8
    ],
    "powerConsumptions": [
        5.63161751298706,
        8.927182081593758,
        5.185470075083473,
        6.476880423328514,
        1.0860746515876046,
        21.62329869086814,
        29.774219098086655,
        74.30596994665103,
        6.564448037730783,
        3.9232926912709606,
        2.598943044309546,
        3.5780498706685877,
        6.386993147792494,
        7.9380192879142978,
        8.212714362807736
    ],
    "maxDeviation": 3,
    "numMeteringIntervals": 45,
    "lengthMeteringInterval": 15,
    "maxEnergyConsumptions": [
        100.0,
        100.0,
        100.0,
        100.0,
        100.0,
        100.0,
        100.0,
        100.0,
        100.0,
        100.0,
        100.0,
        100.0,
        100.0,
        100.0,
        100.0,
        100.0,
        100.0,
        100.0,
        100.0,
        100.0,
        100.0,
        100.0,
        100.0,
        100.0,
        100.0,
        100.0,
        100.0,
        100.0,
        100.0,
        100.0,
        100.0,
        100.0,
        100.0,
        100.0,
        100.0,
        100.0,
        100.0,
        100.0,
        100.0,
        100.0,
        100.0,
        100.0,
        100.0,
        100.0,
        100.0
    ],
    "metadata": {}
}