{
    "numOperations": 15,
    "releaseTimes": [
        8,
        23,
        23,
        23,
        27,
        31,
        32,
        49,
        50,
        56,
        59,
        74,
        78,
        81,
        104
    ],
    "dueDates": [
        31,
        44,
        43,
        34,
        56,
        80,
        49,
        87,
        74,
        94,
        91,
        93,
        117,
        91,
        143
    ],
    "processingTimes": [
        11,
        14,
        11,
        8,
        10,
        12,
        2,
        9,
        3,
        3,
        1,
        8,
        13,
        4,
        12
    ],
    "powerConsumptions": [
        1.5778009046955475,
        1.9626762815768693,
        4.599394240543182,
        9.200433379703654,
        3.5322315592372295,
        1.9738450262047709,
        46.860935408716098,
        6.347640980332046,
        28.980444743779207,
        15.561266798583807,
        13.727936619934292,
        8.8061517375946,
        5.409831639328891,
        19.777962440595528,
        6.063881063150538
    ],
    "maxDeviation": 3,
    "numMeteringIntervals": 45,
    "lengthMeteringInterval": 15,
    "maxEnergyConsumptions": [
        100.0,
        100.0,
        100.0,
        100.0,
        100.0,
        100.0,
        100.0,
        100.0,
        100.0,
        100.0,
        100.0,
        100.0,
        100.0,
        100.0,
        100.0,
        100.0,
        100.0,
        100.0,
        100.0,
        100.0,
        100.0,
        100.0,
        100.0,
        100.0,
        100.0,
        100.0,
        100.0,
        100.0,
        100.0,
        100.0,
        100.0,
        100.0,
        100.0,
        100.0,
        100.0,
        100.0,
        100.0,
        100.0,
        100.0,
        100.0,
        100.0,
        100.0,
        100.0,
        100.0,
        100.0
    ],
    "metadata": {}
}