{
    "numOperations": 15,
    "releaseTimes": [
        1,
        40,
        44,
        49,
        51,
        51,
        60,
        61,
        61,
        72,
        81,
        83,
        104,
        113,
        115
    ],
    "dueDates": [
        17,
        55,
        84,
        64,
        86,
        61,
        64,
        87,
        70,
        103,
        115,
        121,
        120,
        161,
        142
    ],
    "processingTimes": [
        5,
        5,
        7,
        5,
        14,
        8,
        2,
        2,
        3,
        5,
        10,
        14,
        3,
        15,
        12
    ],
    "powerConsumptions": [
        5.096230432991004,
        2.495268193695425,
        4.709331166783744,
        8.259790212912538,
        1.8199907703069136,
        4.170977256547419,
        6.232398910878127,
        35.17898637023127,
        29.83174280037457,
        2.438282569934268,
        8.846295983903211,
        4.753773486177557,
        12.329406120095725,
        4.580500425100352,
        2.111322342640527
    ],
    "maxDeviation": 3,
    "numMeteringIntervals": 45,
    "lengthMeteringInterval": 15,
    "maxEnergyConsumptions": [
        100.0,
        100.0,
        100.0,
        100.0,
        100.0,
        100.0,
        100.0,
        100.0,
        100.0,
        100.0,
        100.0,
        100.0,
        100.0,
        100.0,
        100.0,
        100.0,
        100.0,
        100.0,
        100.0,
        100.0,
        100.0,
        100.0,
        100.0,
        100.0,
        100.0,
        100.0,
        100.0,
        100.0,
        100.0,
        100.0,
        100.0,
        100.0,
        100.0,
        100.0,
        100.0,
        100.0,
        100.0,
        100.0,
        100.0,
        100.0,
        100.0,
        100.0,
        100.0,
        100.0,
        100.0
    ],
    "metadata": {}
}