{
    "numOperations": 15,
    "releaseTimes": [
        1,
        12,
        14,
        15,
        18,
        36,
        42,
        62,
        67,
        67,
        70,
        88,
        89,
        89,
        110
    ],
    "dueDates": [
        14,
        31,
        33,
        32,
        28,
        44,
        62,
        72,
        78,
        87,
        78,
        98,
        103,
        103,
        134
    ],
    "processingTimes": [
        4,
        12,
        8,
        8,
        4,
        8,
        14,
        9,
        1,
        11,
        5,
        2,
        11,
        4,
        13
    ],
    "powerConsumptions": [
        22.5980928684756,
        6.717714296957033,
        12.208086635266618,
        3.900953753787998,
        22.992621919906094,
        3.02378154396817,
        0.7208538602823192,
        3.5591612518007849,
        44.40739845774306,
        3.538360235153864,
        5.331138140963089,
        9.284892489512873,
        2.0275589339851156,
        24.52428920837209,
        7.4257582956919399
    ],
    "maxDeviation": 3,
    "numMeteringIntervals": 45,
    "lengthMeteringInterval": 15,
    "maxEnergyConsumptions": [
        100.0,
        100.0,
        100.0,
        100.0,
        100.0,
        100.0,
        100.0,
        100.0,
        100.0,
        100.0,
        100.0,
        100.0,
        100.0,
        100.0,
        100.0,
        100.0,
        100.0,
        100.0,
        100.0,
        100.0,
        100.0,
        100.0,
        100.0,
        100.0,
        100.0,
        100.0,
        100.0,
        100.0,
        100.0,
        100.0,
        100.0,
        100.0,
        100.0,
        100.0,
        100.0,
        100.0,
        100.0,
        100.0,
        100.0,
        100.0,
        100.0,
        100.0,
        100.0,
        100.0,
        100.0
    ],
    "metadata": {}
}