{
    "numOperations": 15,
    "releaseTimes": [
        4,
        20,
        48,
        48,
        50,
        58,
        69,
        73,
        76,
        76,
        76,
        81,
        82,
        90,
        95
    ],
    "dueDates": [
        21,
        41,
        59,
        55,
        71,
        61,
        96,
        75,
        89,
        92,
        101,
        98,
        97,
        106,
        107
    ],
    "processingTimes": [
        14,
        10,
        11,
        3,
        12,
        3,
        15,
        2,
        6,
        3,
        15,
        8,
        14,
        9,
        2
    ],
    "powerConsumptions": [
        5.339130235775767,
        7.550871636610639,
        3.3545652264219618,
        32.50661710696222,
        7.426493715587099,
        33.16827250706151,
        2.4134322488640267,
        26.89279278412191,
        8.40995647131588,
        25.97948207096309,
        1.07237293706699,
        1.976586892979991,
        5.275235780836556,
        5.3125659763427459,
        48.44072275292836
    ],
    "maxDeviation": 3,
    "numMeteringIntervals": 45,
    "lengthMeteringInterval": 15,
    "maxEnergyConsumptions": [
        100.0,
        100.0,
        100.0,
        100.0,
        100.0,
        100.0,
        100.0,
        100.0,
        100.0,
        100.0,
        100.0,
        100.0,
        100.0,
        100.0,
        100.0,
        100.0,
        100.0,
        100.0,
        100.0,
        100.0,
        100.0,
        100.0,
        100.0,
        100.0,
        100.0,
        100.0,
        100.0,
        100.0,
        100.0,
        100.0,
        100.0,
        100.0,
        100.0,
        100.0,
        100.0,
        100.0,
        100.0,
        100.0,
        100.0,
        100.0,
        100.0,
        100.0,
        100.0,
        100.0,
        100.0
    ],
    "metadata": {}
}