{
    "numOperations": 15,
    "releaseTimes": [
        4,
        9,
        25,
        27,
        28,
        33,
        38,
        40,
        44,
        50,
        52,
        57,
        57,
        69,
        74
    ],
    "dueDates": [
        20,
        22,
        29,
        45,
        39,
        46,
        54,
        52,
        59,
        71,
        61,
        67,
        71,
        82,
        97
    ],
    "processingTimes": [
        10,
        9,
        4,
        11,
        10,
        10,
        7,
        2,
        7,
        11,
        6,
        1,
        9,
        10,
        11
    ],
    "powerConsumptions": [
        6.622802659197495,
        6.35234249542492,
        3.8936037518470387,
        3.386082114299879,
        6.860650332454398,
        7.128919112592928,
        11.840869423348412,
        44.24239612962497,
        3.8302296784258549,
        4.320038203900698,
        11.99791298245375,
        38.23600156233305,
        4.503926601341038,
        1.0696655231920365,
        8.021818120251198
    ],
    "maxDeviation": 3,
    "numMeteringIntervals": 45,
    "lengthMeteringInterval": 15,
    "maxEnergyConsumptions": [
        100.0,
        100.0,
        100.0,
        100.0,
        100.0,
        100.0,
        100.0,
        100.0,
        100.0,
        100.0,
        100.0,
        100.0,
        100.0,
        100.0,
        100.0,
        100.0,
        100.0,
        100.0,
        100.0,
        100.0,
        100.0,
        100.0,
        100.0,
        100.0,
        100.0,
        100.0,
        100.0,
        100.0,
        100.0,
        100.0,
        100.0,
        100.0,
        100.0,
        100.0,
        100.0,
        100.0,
        100.0,
        100.0,
        100.0,
        100.0,
        100.0,
        100.0,
        100.0,
        100.0,
        100.0
    ],
    "metadata": {}
}