{
    "numOperations": 15,
    "releaseTimes": [
        0,
        6,
        14,
        19,
        24,
        28,
        30,
        44,
        45,
        50,
        53,
        60,
        71,
        73,
        84
    ],
    "dueDates": [
        12,
        17,
        34,
        34,
        40,
        47,
        43,
        55,
        59,
        63,
        62,
        73,
        84,
        82,
        110
    ],
    "processingTimes": [
        9,
        2,
        9,
        9,
        13,
        7,
        13,
        11,
        10,
        13,
        6,
        5,
        3,
        6,
        14
    ],
    "powerConsumptions": [
        10.690890050811005,
        8.216197453198536,
        10.572034322323378,
        10.75757456536011,
        4.212897800429801,
        10.54155440587516,
        7.0480964636066549,
        0.9108293541487952,
        5.5800067015457579,
        7.189314882222579,
        3.2579991267756038,
        17.489442117329909,
        32.01878542971194,
        1.9040755494519835,
        6.775687266424102
    ],
    "maxDeviation": 3,
    "numMeteringIntervals": 45,
    "lengthMeteringInterval": 15,
    "maxEnergyConsumptions": [
        100.0,
        100.0,
        100.0,
        100.0,
        100.0,
        100.0,
        100.0,
        100.0,
        100.0,
        100.0,
        100.0,
        100.0,
        100.0,
        100.0,
        100.0,
        100.0,
        100.0,
        100.0,
        100.0,
        100.0,
        100.0,
        100.0,
        100.0,
        100.0,
        100.0,
        100.0,
        100.0,
        100.0,
        100.0,
        100.0,
        100.0,
        100.0,
        100.0,
        100.0,
        100.0,
        100.0,
        100.0,
        100.0,
        100.0,
        100.0,
        100.0,
        100.0,
        100.0,
        100.0,
        100.0
    ],
    "metadata": {}
}