{
    "numOperations": 15,
    "releaseTimes": [
        0,
        8,
        11,
        11,
        12,
        25,
        30,
        40,
        42,
        66,
        67,
        71,
        73,
        73,
        73
    ],
    "dueDates": [
        11,
        35,
        19,
        22,
        27,
        49,
        49,
        52,
        54,
        74,
        81,
        85,
        88,
        90,
        87
    ],
    "processingTimes": [
        1,
        15,
        8,
        2,
        10,
        15,
        8,
        4,
        10,
        8,
        2,
        2,
        8,
        10,
        11
    ],
    "powerConsumptions": [
        55.22721475970204,
        6.17925917540914,
        2.884684647333853,
        22.141066226578159,
        7.6554403995587159,
        6.131460198319556,
        3.373719486160693,
        16.35947725010373,
        5.4687458264786399,
        8.492672042222324,
        45.520297780817717,
        44.41765845216814,
        7.948163887622143,
        2.0100751849136047,
        8.65404621459736
    ],
    "maxDeviation": 3,
    "numMeteringIntervals": 45,
    "lengthMeteringInterval": 15,
    "maxEnergyConsumptions": [
        100.0,
        100.0,
        100.0,
        100.0,
        100.0,
        100.0,
        100.0,
        100.0,
        100.0,
        100.0,
        100.0,
        100.0,
        100.0,
        100.0,
        100.0,
        100.0,
        100.0,
        100.0,
        100.0,
        100.0,
        100.0,
        100.0,
        100.0,
        100.0,
        100.0,
        100.0,
        100.0,
        100.0,
        100.0,
        100.0,
        100.0,
        100.0,
        100.0,
        100.0,
        100.0,
        100.0,
        100.0,
        100.0,
        100.0,
        100.0,
        100.0,
        100.0,
        100.0,
        100.0,
        100.0
    ],
    "metadata": {}
}