{
    "numOperations": 10,
    "releaseTimes": [
        1,
        18,
        35,
        46,
        61,
        64,
        66,
        72,
        91,
        92
    ],
    "dueDates": [
        20,
        33,
        54,
        76,
        91,
        104,
        69,
        78,
        102,
        121
    ],
    "processingTimes": [
        4,
        13,
        12,
        10,
        9,
        15,
        1,
        5,
        8,
        7
    ],
    "powerConsumptions": [
        18.69936161862593,
        5.275908845328389,
        7.80184488106534,
        5.102131236778822,
        7.875816643391321,
        3.907588187508306,
        96.69674160699997,
        12.079644673777043,
        10.783187310762657,
        9.296436464439492
    ],
    "maxDeviation": 3,
    "numMeteringIntervals": 30,
    "lengthMeteringInterval": 15,
    "maxEnergyConsumptions": [
        100.0,
        100.0,
        100.0,
        100.0,
        100.0,
        100.0,
        100.0,
        100.0,
        100.0,
        100.0,
        100.0,
        100.0,
        100.0,
        100.0,
        100.0,
        100.0,
        100.0,
        100.0,
        100.0,
        100.0,
        100.0,
        100.0,
        100.0,
        100.0,
        100.0,
        100.0,
        100.0,
        100.0,
        100.0,
        100.0
    ],
    "metadata": {}
}