{
    "numOperations": 10,
    "releaseTimes": [
        5,
        6,
        19,
        24,
        25,
        29,
        30,
        48,
        61,
        70
    ],
    "dueDates": [
        18,
        32,
        44,
        47,
        57,
        41,
        50,
        80,
        80,
        96
    ],
    "processingTimes": [
        5,
        12,
        6,
        7,
        14,
        3,
        3,
        15,
        1,
        11
    ],
    "powerConsumptions": [
        16.218345340450985,
        7.670678116565374,
        13.602656864582649,
        8.760698721196864,
        5.097158245880836,
        24.869402482540239,
        26.466742134489,
        4.760338095091754,
        80.89556829856085,
        9.089371132824513
    ],
    "maxDeviation": 3,
    "numMeteringIntervals": 30,
    "lengthMeteringInterval": 15,
    "maxEnergyConsumptions": [
        100.0,
        100.0,
        100.0,
        100.0,
        100.0,
        100.0,
        100.0,
        100.0,
        100.0,
        100.0,
        100.0,
        100.0,
        100.0,
        100.0,
        100.0,
        100.0,
        100.0,
        100.0,
        100.0,
        100.0,
        100.0,
        100.0,
        100.0,
        100.0,
        100.0,
        100.0,
        100.0,
        100.0,
        100.0,
        100.0
    ],
    "metadata": {}
}