{
    "numOperations": 10,
    "releaseTimes": [
        1,
        11,
        17,
        17,
        18,
        18,
        24,
        38,
        54,
        66
    ],
    "dueDates": [
        4,
        26,
        39,
        40,
        33,
        36,
        38,
        41,
        81,
        96
    ],
    "processingTimes": [
        3,
        7,
        8,
        5,
        10,
        15,
        1,
        2,
        8,
        13
    ],
    "powerConsumptions": [
        20.376585492864888,
        12.121865923484747,
        8.316363787654899,
        10.920011377354117,
        6.587142103579781,
        4.121965838119155,
        52.27583859709538,
        39.141072858260908,
        7.047866261610126,
        5.236304442614964
    ],
    "maxDeviation": 3,
    "numMeteringIntervals": 30,
    "lengthMeteringInterval": 15,
    "maxEnergyConsumptions": [
        100.0,
        100.0,
        100.0,
        100.0,
        100.0,
        100.0,
        100.0,
        100.0,
        100.0,
        100.0,
        100.0,
        100.0,
        100.0,
        100.0,
        100.0,
        100.0,
        100.0,
        100.0,
        100.0,
        100.0,
        100.0,
        100.0,
        100.0,
        100.0,
        100.0,
        100.0,
        100.0,
        100.0,
        100.0,
        100.0
    ],
    "metadata": {}
}