{
    "numOperations": 10,
    "releaseTimes": [
        2,
        3,
        11,
        17,
        28,
        30,
        31,
        32,
        33,
        46
    ],
    "dueDates": [
        31,
        26,
        17,
        47,
        51,
        47,
        67,
        44,
        48,
        77
    ],
    "processingTimes": [
        7,
        2,
        1,
        12,
        1,
        11,
        13,
        8,
        5,
        15
    ],
    "powerConsumptions": [
        11.39755724611173,
        47.98960568224331,
        78.06102413624869,
        6.666183907523948,
        59.677448231722269,
        4.780208347112839,
        5.704382683397361,
        12.351835103118003,
        14.042365915958233,
        6.232499178722337
    ],
    "maxDeviation": 3,
    "numMeteringIntervals": 30,
    "lengthMeteringInterval": 15,
    "maxEnergyConsumptions": [
        100.0,
        100.0,
        100.0,
        100.0,
        100.0,
        100.0,
        100.0,
        100.0,
        100.0,
        100.0,
        100.0,
        100.0,
        100.0,
        100.0,
        100.0,
        100.0,
        100.0,
        100.0,
        100.0,
        100.0,
        100.0,
        100.0,
        100.0,
        100.0,
        100.0,
        100.0,
        100.0,
        100.0,
        100.0,
        100.0
    ],
    "metadata": {}
}