{
    "status": 3,
    "startTimes": [
        2,
        24,
        16,
        32,
        62,
        37,
        118,
        135,
        45,
        60
    ],
    "objectiveValue": 253.00000000000009,
    "solverRuntimeInMilliseconds": 1199018,
    "optional": {
        "lowerBound": "177.000000",
        "numGeneratedLazyConstraints": "1245"
    }
}