{
    "numOperations": 10,
    "releaseTimes": [
        9,
        27,
        31,
        45,
        48,
        51,
        58,
        67,
        72,
        76
    ],
    "dueDates": [
        54,
        58,
        40,
        82,
        51,
        81,
        83,
        100,
        84,
        97
    ],
    "processingTimes": [
        15,
        10,
        2,
        14,
        3,
        12,
        14,
        8,
        7,
        15
    ],
    "powerConsumptions": [
        6.336172346439429,
        6.529041387201753,
        33.1673896914943,
        5.233178742933954,
        19.01311795546525,
        7.583857599041785,
        4.56076720963756,
        11.695158154268596,
        12.77645586611004,
        4.114114856678976
    ],
    "maxDeviation": 5,
    "numMeteringIntervals": 30,
    "lengthMeteringInterval": 15,
    "maxEnergyConsumptions": [
        100.0,
        100.0,
        100.0,
        100.0,
        100.0,
        100.0,
        100.0,
        100.0,
        100.0,
        100.0,
        100.0,
        100.0,
        100.0,
        100.0,
        100.0,
        100.0,
        100.0,
        100.0,
        100.0,
        100.0,
        100.0,
        100.0,
        100.0,
        100.0,
        100.0,
        100.0,
        100.0,
        100.0,
        100.0,
        100.0
    ],
    "metadata": {}
}