{
    "numOperations": 10,
    "releaseTimes": [
        4,
        9,
        18,
        20,
        27,
        29,
        33,
        38,
        43,
        43
    ],
    "dueDates": [
        19,
        20,
        30,
        31,
        48,
        45,
        47,
        48,
        48,
        54
    ],
    "processingTimes": [
        9,
        8,
        12,
        10,
        15,
        12,
        9,
        3,
        2,
        8
    ],
    "powerConsumptions": [
        6.036698700625989,
        8.863535582843023,
        5.521926667543848,
        7.819917853486565,
        5.106200698352716,
        4.41767203756418,
        6.167401207030462,
        25.82525010291494,
        28.180929051632746,
        6.6209187777528959
    ],
    "maxDeviation": 5,
    "numMeteringIntervals": 30,
    "lengthMeteringInterval": 15,
    "maxEnergyConsumptions": [
        100.0,
        100.0,
        100.0,
        100.0,
        100.0,
        100.0,
        100.0,
        100.0,
        100.0,
        100.0,
        100.0,
        100.0,
        100.0,
        100.0,
        100.0,
        100.0,
        100.0,
        100.0,
        100.0,
        100.0,
        100.0,
        100.0,
        100.0,
        100.0,
        100.0,
        100.0,
        100.0,
        100.0,
        100.0,
        100.0
    ],
    "metadata": {}
}