{
    "numOperations": 10,
    "releaseTimes": [
        3,
        5,
        16,
        19,
        24,
        24,
        25,
        39,
        40,
        49
    ],
    "dueDates": [
        12,
        9,
        27,
        34,
        42,
        33,
        29,
        44,
        58,
        63
    ],
    "processingTimes": [
        3,
        2,
        6,
        9,
        15,
        4,
        1,
        1,
        14,
        14
    ],
    "powerConsumptions": [
        29.702172497969966,
        32.69647314306938,
        14.638553713829494,
        9.140810150320343,
        3.8474414134953456,
        18.1899901659621,
        58.12139515434476,
        70.45288031790138,
        4.168876287736528,
        7.090825307342496
    ],
    "maxDeviation": 5,
    "numMeteringIntervals": 30,
    "lengthMeteringInterval": 15,
    "maxEnergyConsumptions": [
        100.0,
        100.0,
        100.0,
        100.0,
        100.0,
        100.0,
        100.0,
        100.0,
        100.0,
        100.0,
        100.0,
        100.0,
        100.0,
        100.0,
        100.0,
        100.0,
        100.0,
        100.0,
        100.0,
        100.0,
        100.0,
        100.0,
        100.0,
        100.0,
        100.0,
        100.0,
        100.0,
        100.0,
        100.0,
        100.0
    ],
    "metadata": {}
}