{
    "numOperations": 10,
    "releaseTimes": [
        0,
        2,
        2,
        5,
        5,
        5,
        15,
        15,
        15,
        25
    ],
    "dueDates": [
        8,
        9,
        7,
        12,
        11,
        11,
        22,
        28,
        31,
        31
    ],
    "processingTimes": [
        3,
        6,
        5,
        6,
        3,
        5,
        6,
        10,
        10,
        1
    ],
    "powerConsumptions": [
        25.960173176800905,
        15.849969945699855,
        17.596973853058996,
        16.65241728859073,
        22.917335534866923,
        17.455222130709083,
        14.719277987118739,
        8.208325043581287,
        5.512340654779079,
        93.16803521729544
    ],
    "maxDeviation": 5,
    "numMeteringIntervals": 30,
    "lengthMeteringInterval": 15,
    "maxEnergyConsumptions": [
        100.0,
        100.0,
        100.0,
        100.0,
        100.0,
        100.0,
        100.0,
        100.0,
        100.0,
        100.0,
        100.0,
        100.0,
        100.0,
        100.0,
        100.0,
        100.0,
        100.0,
        100.0,
        100.0,
        100.0,
        100.0,
        100.0,
        100.0,
        100.0,
        100.0,
        100.0,
        100.0,
        100.0,
        100.0,
        100.0
    ],
    "metadata": {}
}