{
    "numOperations": 10,
    "releaseTimes": [
        8,
        19,
        27,
        30,
        34,
        38,
        38,
        41,
        56,
        64
    ],
    "dueDates": [
        26,
        44,
        31,
        39,
        66,
        75,
        53,
        73,
        78,
        90
    ],
    "processingTimes": [
        6,
        11,
        2,
        7,
        14,
        9,
        14,
        11,
        10,
        11
    ],
    "powerConsumptions": [
        8.99192216480167,
        6.214468873280924,
        34.3039659665846,
        8.385741614930368,
        3.9142011809067296,
        10.861301326359162,
        4.96098445734841,
        7.32270318425601,
        5.986367260065117,
        6.609575542458587
    ],
    "maxDeviation": 3,
    "numMeteringIntervals": 30,
    "lengthMeteringInterval": 15,
    "maxEnergyConsumptions": [
        100.0,
        100.0,
        100.0,
        100.0,
        100.0,
        100.0,
        100.0,
        100.0,
        100.0,
        100.0,
        100.0,
        100.0,
        100.0,
        100.0,
        100.0,
        100.0,
        100.0,
        100.0,
        100.0,
        100.0,
        100.0,
        100.0,
        100.0,
        100.0,
        100.0,
        100.0,
        100.0,
        100.0,
        100.0,
        100.0
    ],
    "metadata": {}
}