{
    "numOperations": 10,
    "releaseTimes": [
        8,
        11,
        15,
        21,
        22,
        29,
        31,
        40,
        40,
        46
    ],
    "dueDates": [
        21,
        28,
        42,
        38,
        48,
        59,
        56,
        51,
        68,
        66
    ],
    "processingTimes": [
        2,
        9,
        3,
        11,
        7,
        12,
        14,
        11,
        11,
        7
    ],
    "powerConsumptions": [
        28.125952668197077,
        7.804428507483509,
        24.70378483327293,
        6.061017596792663,
        7.500702082695708,
        5.8345126391748469,
        5.7475673413562469,
        6.492792810056937,
        6.485608698916182,
        7.852376259052646
    ],
    "maxDeviation": 3,
    "numMeteringIntervals": 30,
    "lengthMeteringInterval": 15,
    "maxEnergyConsumptions": [
        100.0,
        100.0,
        100.0,
        100.0,
        100.0,
        100.0,
        100.0,
        100.0,
        100.0,
        100.0,
        100.0,
        100.0,
        100.0,
        100.0,
        100.0,
        100.0,
        100.0,
        100.0,
        100.0,
        100.0,
        100.0,
        100.0,
        100.0,
        100.0,
        100.0,
        100.0,
        100.0,
        100.0,
        100.0,
        100.0
    ],
    "metadata": {}
}