{
    "numOperations": 10,
    "releaseTimes": [
        0,
        0,
        3,
        10,
        16,
        21,
        21,
        21,
        22,
        25
    ],
    "dueDates": [
        12,
        27,
        22,
        36,
        28,
        38,
        38,
        31,
        30,
        43
    ],
    "processingTimes": [
        8,
        8,
        8,
        9,
        1,
        2,
        5,
        6,
        4,
        10
    ],
    "powerConsumptions": [
        6.89844418872073,
        8.997711552724672,
        11.134913626270315,
        9.85992207985707,
        52.35306152426625,
        45.40098915563641,
        15.615589741152253,
        8.964786213951607,
        15.846184746332139,
        7.894918283690073
    ],
    "maxDeviation": 3,
    "numMeteringIntervals": 30,
    "lengthMeteringInterval": 15,
    "maxEnergyConsumptions": [
        100.0,
        100.0,
        100.0,
        100.0,
        100.0,
        100.0,
        100.0,
        100.0,
        100.0,
        100.0,
        100.0,
        100.0,
        100.0,
        100.0,
        100.0,
        100.0,
        100.0,
        100.0,
        100.0,
        100.0,
        100.0,
        100.0,
        100.0,
        100.0,
        100.0,
        100.0,
        100.0,
        100.0,
        100.0,
        100.0
    ],
    "metadata": {}
}