{
    "numOperations": 10,
    "releaseTimes": [
        18,
        25,
        38,
        44,
        55,
        60,
        67,
        67,
        71,
        79
    ],
    "dueDates": [
        50,
        48,
        87,
        78,
        82,
        100,
        117,
        117,
        101,
        109
    ],
    "processingTimes": [
        12,
        9,
        12,
        14,
        15,
        15,
        14,
        13,
        11,
        13
    ],
    "powerConsumptions": [
        4.367507473460301,
        9.519932981877292,
        4.726393696504961,
        6.386337062304173,
        4.840579150479139,
        4.0380675316275609,
        5.201185568257379,
        6.9368804879816399,
        5.288265402610684,
        7.664866601400984
    ],
    "maxDeviation": 3,
    "numMeteringIntervals": 30,
    "lengthMeteringInterval": 15,
    "maxEnergyConsumptions": [
        100.0,
        100.0,
        100.0,
        100.0,
        100.0,
        100.0,
        100.0,
        100.0,
        100.0,
        100.0,
        100.0,
        100.0,
        100.0,
        100.0,
        100.0,
        100.0,
        100.0,
        100.0,
        100.0,
        100.0,
        100.0,
        100.0,
        100.0,
        100.0,
        100.0,
        100.0,
        100.0,
        100.0,
        100.0,
        100.0
    ],
    "metadata": {}
}