{
    "numOperations": 15,
    "releaseTimes": [
        7,
        9,
        9,
        10,
        10,
        26,
        29,
        29,
        29,
        30,
        32,
        44,
        47,
        55,
        62
    ],
    "dueDates": [
        21,
        17,
        28,
        25,
        27,
        56,
        43,
        66,
        37,
        49,
        66,
        61,
        70,
        62,
        95
    ],
    "processingTimes": [
        7,
        8,
        2,
        2,
        10,
        15,
        1,
        11,
        7,
        8,
        7,
        2,
        5,
        6,
        4
    ],
    "powerConsumptions": [
        5.973010728365578,
        10.788737175832468,
        48.2501652774974,
        43.62234992104227,
        8.81005674916651,
        0.7063303824957407,
        41.808218673354769,
        6.0379558849727,
        10.995227852377483,
        4.141383636965385,
        7.667840576945415,
        11.430589100229167,
        10.851565100842923,
        6.099527490206327,
        24.27991299107558
    ],
    "maxDeviation": 5,
    "numMeteringIntervals": 45,
    "lengthMeteringInterval": 15,
    "maxEnergyConsumptions": [
        100.0,
        100.0,
        100.0,
        100.0,
        100.0,
        100.0,
        100.0,
        100.0,
        100.0,
        100.0,
        100.0,
        100.0,
        100.0,
        100.0,
        100.0,
        100.0,
        100.0,
        100.0,
        100.0,
        100.0,
        100.0,
        100.0,
        100.0,
        100.0,
        100.0,
        100.0,
        100.0,
        100.0,
        100.0,
        100.0,
        100.0,
        100.0,
        100.0,
        100.0,
        100.0,
        100.0,
        100.0,
        100.0,
        100.0,
        100.0,
        100.0,
        100.0,
        100.0,
        100.0,
        100.0
    ],
    "metadata": {}
}