{
    "numOperations": 15,
    "releaseTimes": [
        3,
        10,
        28,
        34,
        37,
        37,
        49,
        51,
        62,
        68,
        71,
        76,
        78,
        82,
        85
    ],
    "dueDates": [
        26,
        53,
        45,
        82,
        46,
        49,
        80,
        86,
        99,
        111,
        102,
        104,
        109,
        125,
        96
    ],
    "processingTimes": [
        2,
        9,
        3,
        11,
        7,
        12,
        14,
        11,
        11,
        7,
        13,
        13,
        13,
        8,
        7
    ],
    "powerConsumptions": [
        26.420916812324394,
        6.80101009008764,
        5.775756874097475,
        4.021872502917558,
        9.607008160505782,
        2.286492865136009,
        1.0977781271217624,
        5.7523003183114229,
        8.155648774698126,
        11.910468480857393,
        6.276174963089653,
        1.7588211446811846,
        2.261635369384582,
        4.744598250422122,
        9.255334393605422
    ],
    "maxDeviation": 5,
    "numMeteringIntervals": 45,
    "lengthMeteringInterval": 15,
    "maxEnergyConsumptions": [
        100.0,
        100.0,
        100.0,
        100.0,
        100.0,
        100.0,
        100.0,
        100.0,
        100.0,
        100.0,
        100.0,
        100.0,
        100.0,
        100.0,
        100.0,
        100.0,
        100.0,
        100.0,
        100.0,
        100.0,
        100.0,
        100.0,
        100.0,
        100.0,
        100.0,
        100.0,
        100.0,
        100.0,
        100.0,
        100.0,
        100.0,
        100.0,
        100.0,
        100.0,
        100.0,
        100.0,
        100.0,
        100.0,
        100.0,
        100.0,
        100.0,
        100.0,
        100.0,
        100.0,
        100.0
    ],
    "metadata": {}
}