{
    "numOperations": 15,
    "releaseTimes": [
        2,
        6,
        6,
        8,
        19,
        30,
        35,
        39,
        58,
        60,
        77,
        81,
        86,
        86,
        88
    ],
    "dueDates": [
        20,
        54,
        58,
        66,
        57,
        80,
        59,
        69,
        92,
        102,
        125,
        142,
        95,
        125,
        147
    ],
    "processingTimes": [
        12,
        9,
        12,
        14,
        15,
        15,
        14,
        13,
        11,
        13,
        7,
        14,
        1,
        10,
        8
    ],
    "powerConsumptions": [
        3.7511578240234284,
        4.527805478105914,
        2.3967035571486119,
        5.942836856641138,
        3.281309373865085,
        2.3685384779409754,
        3.0518207913878117,
        4.320026290805348,
        3.685002781109313,
        6.566044751374791,
        8.30921689434328,
        3.1890143524040659,
        17.51918682536929,
        1.995575575385449,
        4.264070997283131
    ],
    "maxDeviation": 5,
    "numMeteringIntervals": 45,
    "lengthMeteringInterval": 15,
    "maxEnergyConsumptions": [
        100.0,
        100.0,
        100.0,
        100.0,
        100.0,
        100.0,
        100.0,
        100.0,
        100.0,
        100.0,
        100.0,
        100.0,
        100.0,
        100.0,
        100.0,
        100.0,
        100.0,
        100.0,
        100.0,
        100.0,
        100.0,
        100.0,
        100.0,
        100.0,
        100.0,
        100.0,
        100.0,
        100.0,
        100.0,
        100.0,
        100.0,
        100.0,
        100.0,
        100.0,
        100.0,
        100.0,
        100.0,
        100.0,
        100.0,
        100.0,
        100.0,
        100.0,
        100.0,
        100.0,
        100.0
    ],
    "metadata": {}
}