{
    "numOperations": 15,
    "releaseTimes": [
        12,
        16,
        25,
        31,
        46,
        53,
        56,
        64,
        80,
        105,
        122,
        125,
        133,
        136,
        137
    ],
    "dueDates": [
        38,
        37,
        47,
        54,
        59,
        79,
        83,
        83,
        100,
        118,
        141,
        145,
        141,
        152,
        145
    ],
    "processingTimes": [
        14,
        11,
        10,
        15,
        4,
        14,
        13,
        5,
        7,
        5,
        10,
        11,
        5,
        10,
        3
    ],
    "powerConsumptions": [
        1.8311438080072103,
        4.068533923984232,
        6.182151660415767,
        2.0160776201235794,
        7.722360533083275,
        6.853013104185003,
        4.685770983954847,
        4.663812626658597,
        7.707730872383797,
        16.955509077420893,
        7.261973769936932,
        7.190780955795568,
        2.631245694712061,
        5.618407489224348,
        15.317639256463169
    ],
    "maxDeviation": 5,
    "numMeteringIntervals": 45,
    "lengthMeteringInterval": 15,
    "maxEnergyConsumptions": [
        100.0,
        100.0,
        100.0,
        100.0,
        100.0,
        100.0,
        100.0,
        100.0,
        100.0,
        100.0,
        100.0,
        100.0,
        100.0,
        100.0,
        100.0,
        100.0,
        100.0,
        100.0,
        100.0,
        100.0,
        100.0,
        100.0,
        100.0,
        100.0,
        100.0,
        100.0,
        100.0,
        100.0,
        100.0,
        100.0,
        100.0,
        100.0,
        100.0,
        100.0,
        100.0,
        100.0,
        100.0,
        100.0,
        100.0,
        100.0,
        100.0,
        100.0,
        100.0,
        100.0,
        100.0
    ],
    "metadata": {}
}