{
    "numOperations": 15,
    "releaseTimes": [
        4,
        16,
        23,
        24,
        25,
        36,
        41,
        41,
        50,
        54,
        55,
        56,
        61,
        65,
        70
    ],
    "dueDates": [
        14,
        22,
        35,
        47,
        44,
        59,
        50,
        45,
        60,
        64,
        70,
        62,
        81,
        77,
        89
    ],
    "processingTimes": [
        1,
        6,
        7,
        14,
        9,
        14,
        4,
        1,
        4,
        9,
        4,
        6,
        10,
        4,
        13
    ],
    "powerConsumptions": [
        21.03508541172411,
        4.794184698584389,
        14.215252506825206,
        5.499777921749404,
        5.882560151972242,
        4.7031660689102579,
        9.928318913443509,
        39.52592549849106,
        13.938501037626736,
        4.6089507510320939,
        10.82818086728723,
        4.095973653105312,
        7.38349854870909,
        8.120950171673695,
        6.654508561549827
    ],
    "maxDeviation": 5,
    "numMeteringIntervals": 45,
    "lengthMeteringInterval": 15,
    "maxEnergyConsumptions": [
        100.0,
        100.0,
        100.0,
        100.0,
        100.0,
        100.0,
        100.0,
        100.0,
        100.0,
        100.0,
        100.0,
        100.0,
        100.0,
        100.0,
        100.0,
        100.0,
        100.0,
        100.0,
        100.0,
        100.0,
        100.0,
        100.0,
        100.0,
        100.0,
        100.0,
        100.0,
        100.0,
        100.0,
        100.0,
        100.0,
        100.0,
        100.0,
        100.0,
        100.0,
        100.0,
        100.0,
        100.0,
        100.0,
        100.0,
        100.0,
        100.0,
        100.0,
        100.0,
        100.0,
        100.0
    ],
    "metadata": {}
}