{
    "numOperations": 15,
    "releaseTimes": [
        8,
        18,
        20,
        26,
        29,
        29,
        77,
        78,
        106,
        106,
        111,
        122,
        128,
        131,
        149
    ],
    "dueDates": [
        26,
        28,
        40,
        50,
        38,
        49,
        92,
        102,
        121,
        122,
        124,
        136,
        137,
        154,
        170
    ],
    "processingTimes": [
        10,
        4,
        7,
        15,
        8,
        15,
        12,
        9,
        10,
        14,
        11,
        6,
        8,
        14,
        15
    ],
    "powerConsumptions": [
        6.148734557929105,
        9.43347073664011,
        12.529375545067297,
        6.547347819275035,
        2.7758409620457904,
        6.44312549294799,
        4.453839228994686,
        6.551634229825201,
        3.554122820074254,
        2.410444695067283,
        6.072142225622581,
        11.223945785634028,
        3.4004067786472769,
        3.879991137945949,
        4.539251779216412
    ],
    "maxDeviation": 5,
    "numMeteringIntervals": 45,
    "lengthMeteringInterval": 15,
    "maxEnergyConsumptions": [
        100.0,
        100.0,
        100.0,
        100.0,
        100.0,
        100.0,
        100.0,
        100.0,
        100.0,
        100.0,
        100.0,
        100.0,
        100.0,
        100.0,
        100.0,
        100.0,
        100.0,
        100.0,
        100.0,
        100.0,
        100.0,
        100.0,
        100.0,
        100.0,
        100.0,
        100.0,
        100.0,
        100.0,
        100.0,
        100.0,
        100.0,
        100.0,
        100.0,
        100.0,
        100.0,
        100.0,
        100.0,
        100.0,
        100.0,
        100.0,
        100.0,
        100.0,
        100.0,
        100.0,
        100.0
    ],
    "metadata": {}
}