{
    "numOperations": 10,
    "releaseTimes": [
        2,
        13,
        16,
        16,
        23,
        23,
        28,
        32,
        38,
        48
    ],
    "dueDates": [
        18,
        24,
        27,
        26,
        43,
        39,
        36,
        42,
        55,
        54
    ],
    "processingTimes": [
        14,
        8,
        8,
        5,
        15,
        8,
        4,
        2,
        15,
        2
    ],
    "powerConsumptions": [
        3.722325940369711,
        3.2561866664297476,
        7.681116620470575,
        2.5949675774356528,
        3.657547381018192,
        9.668292326426315,
        22.541593335364629,
        42.89178257291288,
        1.9431757539720072,
        10.869226781139336
    ],
    "maxDeviation": 5,
    "numMeteringIntervals": 30,
    "lengthMeteringInterval": 15,
    "maxEnergyConsumptions": [
        100.0,
        100.0,
        100.0,
        100.0,
        100.0,
        100.0,
        100.0,
        100.0,
        100.0,
        100.0,
        100.0,
        100.0,
        100.0,
        100.0,
        100.0,
        100.0,
        100.0,
        100.0,
        100.0,
        100.0,
        100.0,
        100.0,
        100.0,
        100.0,
        100.0,
        100.0,
        100.0,
        100.0,
        100.0,
        100.0
    ],
    "metadata": {}
}