{
    "numOperations": 10,
    "releaseTimes": [
        6,
        20,
        22,
        25,
        26,
        28,
        29,
        30,
        33,
        43
    ],
    "dueDates": [
        16,
        29,
        37,
        34,
        33,
        37,
        42,
        46,
        51,
        55
    ],
    "processingTimes": [
        8,
        2,
        13,
        6,
        7,
        5,
        11,
        9,
        14,
        12
    ],
    "powerConsumptions": [
        8.72774935406602,
        13.407113480357373,
        1.6971940586930805,
        15.857335281862183,
        9.2200166781622,
        8.254850023266937,
        5.079021863980583,
        9.454495681993365,
        2.832077568153387,
        5.571557887438103
    ],
    "maxDeviation": 5,
    "numMeteringIntervals": 30,
    "lengthMeteringInterval": 15,
    "maxEnergyConsumptions": [
        100.0,
        100.0,
        100.0,
        100.0,
        100.0,
        100.0,
        100.0,
        100.0,
        100.0,
        100.0,
        100.0,
        100.0,
        100.0,
        100.0,
        100.0,
        100.0,
        100.0,
        100.0,
        100.0,
        100.0,
        100.0,
        100.0,
        100.0,
        100.0,
        100.0,
        100.0,
        100.0,
        100.0,
        100.0,
        100.0
    ],
    "metadata": {}
}