{
    "numOperations": 15,
    "releaseTimes": [
        7,
        9,
        10,
        16,
        19,
        27,
        48,
        48,
        49,
        50,
        61,
        63,
        67,
        77,
        86
    ],
    "dueDates": [
        14,
        17,
        40,
        63,
        50,
        64,
        63,
        75,
        90,
        77,
        65,
        96,
        91,
        113,
        115
    ],
    "processingTimes": [
        2,
        8,
        4,
        11,
        10,
        1,
        13,
        10,
        13,
        11,
        3,
        3,
        14,
        15,
        2
    ],
    "powerConsumptions": [
        17.18916809079043,
        11.028248046242429,
        8.130312653859353,
        7.6110228185839159,
        3.2963506010823226,
        82.78874677290361,
        2.798921648672238,
        6.836707923837205,
        6.376813431316917,
        8.865901484128465,
        21.441393300567527,
        24.13441584000022,
        5.22011303600803,
        6.568154340895576,
        27.87097911490909
    ],
    "maxDeviation": 5,
    "numMeteringIntervals": 45,
    "lengthMeteringInterval": 15,
    "maxEnergyConsumptions": [
        100.0,
        100.0,
        100.0,
        100.0,
        100.0,
        100.0,
        100.0,
        100.0,
        100.0,
        100.0,
        100.0,
        100.0,
        100.0,
        100.0,
        100.0,
        100.0,
        100.0,
        100.0,
        100.0,
        100.0,
        100.0,
        100.0,
        100.0,
        100.0,
        100.0,
        100.0,
        100.0,
        100.0,
        100.0,
        100.0,
        100.0,
        100.0,
        100.0,
        100.0,
        100.0,
        100.0,
        100.0,
        100.0,
        100.0,
        100.0,
        100.0,
        100.0,
        100.0,
        100.0,
        100.0
    ],
    "metadata": {}
}