{
    "numOperations": 15,
    "releaseTimes": [
        6,
        8,
        26,
        27,
        30,
        35,
        38,
        40,
        40,
        49,
        52,
        60,
        76,
        99,
        99
    ],
    "dueDates": [
        34,
        18,
        58,
        61,
        55,
        49,
        59,
        78,
        57,
        81,
        86,
        86,
        103,
        124,
        139
    ],
    "processingTimes": [
        12,
        7,
        2,
        4,
        3,
        13,
        3,
        10,
        10,
        7,
        14,
        3,
        2,
        1,
        10
    ],
    "powerConsumptions": [
        4.348185395576928,
        9.802714097091487,
        31.57904326585743,
        12.59351411353663,
        28.06343693986965,
        5.136076009190841,
        26.012502120568504,
        5.159569078104609,
        8.965528240338223,
        5.895314619002716,
        5.009308271713108,
        16.919099457520436,
        20.087209220105508,
        52.580245461599549,
        3.740084609528401
    ],
    "maxDeviation": 5,
    "numMeteringIntervals": 45,
    "lengthMeteringInterval": 15,
    "maxEnergyConsumptions": [
        100.0,
        100.0,
        100.0,
        100.0,
        100.0,
        100.0,
        100.0,
        100.0,
        100.0,
        100.0,
        100.0,
        100.0,
        100.0,
        100.0,
        100.0,
        100.0,
        100.0,
        100.0,
        100.0,
        100.0,
        100.0,
        100.0,
        100.0,
        100.0,
        100.0,
        100.0,
        100.0,
        100.0,
        100.0,
        100.0,
        100.0,
        100.0,
        100.0,
        100.0,
        100.0,
        100.0,
        100.0,
        100.0,
        100.0,
        100.0,
        100.0,
        100.0,
        100.0,
        100.0,
        100.0
    ],
    "metadata": {}
}