{
    "numOperations": 15,
    "releaseTimes": [
        15,
        18,
        21,
        35,
        42,
        42,
        44,
        44,
        47,
        47,
        49,
        52,
        52,
        57,
        72
    ],
    "dueDates": [
        32,
        49,
        44,
        68,
        62,
        65,
        75,
        75,
        66,
        68,
        81,
        95,
        81,
        99,
        95
    ],
    "processingTimes": [
        15,
        8,
        13,
        9,
        7,
        5,
        12,
        10,
        12,
        10,
        3,
        7,
        15,
        9,
        1
    ],
    "powerConsumptions": [
        2.5073133562591676,
        10.144495508199658,
        7.609489431752854,
        9.007734392308855,
        6.6331298422993749,
        11.30561361966179,
        5.375206658548585,
        6.268571702230313,
        8.259049256140655,
        5.395590265560966,
        11.587756055156126,
        6.0281238978091269,
        6.318353711388358,
        9.42189805251838,
        32.8670677124984
    ],
    "maxDeviation": 5,
    "numMeteringIntervals": 45,
    "lengthMeteringInterval": 15,
    "maxEnergyConsumptions": [
        100.0,
        100.0,
        100.0,
        100.0,
        100.0,
        100.0,
        100.0,
        100.0,
        100.0,
        100.0,
        100.0,
        100.0,
        100.0,
        100.0,
        100.0,
        100.0,
        100.0,
        100.0,
        100.0,
        100.0,
        100.0,
        100.0,
        100.0,
        100.0,
        100.0,
        100.0,
        100.0,
        100.0,
        100.0,
        100.0,
        100.0,
        100.0,
        100.0,
        100.0,
        100.0,
        100.0,
        100.0,
        100.0,
        100.0,
        100.0,
        100.0,
        100.0,
        100.0,
        100.0,
        100.0
    ],
    "metadata": {}
}