{
    "numOperations": 15,
    "releaseTimes": [
        9,
        10,
        10,
        14,
        14,
        18,
        18,
        20,
        23,
        26,
        32,
        33,
        33,
        37,
        40
    ],
    "dueDates": [
        35,
        12,
        28,
        37,
        26,
        43,
        51,
        51,
        64,
        43,
        54,
        49,
        72,
        39,
        65
    ],
    "processingTimes": [
        2,
        2,
        4,
        5,
        11,
        12,
        9,
        10,
        13,
        1,
        1,
        2,
        12,
        1,
        6
    ],
    "powerConsumptions": [
        24.657383096765913,
        29.53707380253441,
        18.802724439839446,
        19.77546466768841,
        7.215482691637914,
        3.1954022859177848,
        8.564115348565329,
        6.7510901493393649,
        6.3093705822701209,
        40.36180814328205,
        59.171891701060108,
        24.708249515578303,
        3.634296607549094,
        59.00466752587178,
        10.94645100046607
    ],
    "maxDeviation": 5,
    "numMeteringIntervals": 45,
    "lengthMeteringInterval": 15,
    "maxEnergyConsumptions": [
        100.0,
        100.0,
        100.0,
        100.0,
        100.0,
        100.0,
        100.0,
        100.0,
        100.0,
        100.0,
        100.0,
        100.0,
        100.0,
        100.0,
        100.0,
        100.0,
        100.0,
        100.0,
        100.0,
        100.0,
        100.0,
        100.0,
        100.0,
        100.0,
        100.0,
        100.0,
        100.0,
        100.0,
        100.0,
        100.0,
        100.0,
        100.0,
        100.0,
        100.0,
        100.0,
        100.0,
        100.0,
        100.0,
        100.0,
        100.0,
        100.0,
        100.0,
        100.0,
        100.0,
        100.0
    ],
    "metadata": {}
}