{
    "numOperations": 15,
    "releaseTimes": [
        0,
        11,
        44,
        47,
        49,
        50,
        61,
        69,
        69,
        72,
        74,
        76,
        82,
        86,
        96
    ],
    "dueDates": [
        43,
        16,
        56,
        76,
        68,
        62,
        78,
        107,
        110,
        111,
        109,
        118,
        103,
        113,
        110
    ],
    "processingTimes": [
        7,
        2,
        8,
        15,
        10,
        9,
        14,
        14,
        13,
        6,
        5,
        3,
        3,
        11,
        13
    ],
    "powerConsumptions": [
        4.593950230014593,
        33.000347627245819,
        11.27220565534899,
        4.561444800425526,
        4.514400434835316,
        3.997081365396421,
        5.242834681156704,
        4.225569604790597,
        3.912126317326278,
        8.617544080891465,
        9.598494351502975,
        20.891436584421375,
        19.742608589675809,
        6.023697748297204,
        6.443490830919895
    ],
    "maxDeviation": 5,
    "numMeteringIntervals": 45,
    "lengthMeteringInterval": 15,
    "maxEnergyConsumptions": [
        100.0,
        100.0,
        100.0,
        100.0,
        100.0,
        100.0,
        100.0,
        100.0,
        100.0,
        100.0,
        100.0,
        100.0,
        100.0,
        100.0,
        100.0,
        100.0,
        100.0,
        100.0,
        100.0,
        100.0,
        100.0,
        100.0,
        100.0,
        100.0,
        100.0,
        100.0,
        100.0,
        100.0,
        100.0,
        100.0,
        100.0,
        100.0,
        100.0,
        100.0,
        100.0,
        100.0,
        100.0,
        100.0,
        100.0,
        100.0,
        100.0,
        100.0,
        100.0,
        100.0,
        100.0
    ],
    "metadata": {}
}