{
    "numOperations": 10,
    "releaseTimes": [
        0,
        1,
        33,
        34,
        39,
        39,
        60,
        76,
        109,
        116
    ],
    "dueDates": [
        27,
        14,
        54,
        47,
        45,
        51,
        84,
        85,
        133,
        135
    ],
    "processingTimes": [
        4,
        12,
        8,
        8,
        4,
        8,
        14,
        9,
        1,
        11
    ],
    "powerConsumptions": [
        13.193814614675559,
        7.383263421980955,
        9.210475058845925,
        10.92281218725251,
        13.399968650754876,
        6.507938171691452,
        5.721420842673063,
        3.4974108145797264,
        36.28619196425399,
        8.273086229256112
    ],
    "maxDeviation": 3,
    "numMeteringIntervals": 30,
    "lengthMeteringInterval": 15,
    "maxEnergyConsumptions": [
        100.0,
        100.0,
        100.0,
        100.0,
        100.0,
        100.0,
        100.0,
        100.0,
        100.0,
        100.0,
        100.0,
        100.0,
        100.0,
        100.0,
        100.0,
        100.0,
        100.0,
        100.0,
        100.0,
        100.0,
        100.0,
        100.0,
        100.0,
        100.0,
        100.0,
        100.0,
        100.0,
        100.0,
        100.0,
        100.0
    ],
    "metadata": {}
}