{
    "numOperations": 10,
    "releaseTimes": [
        1,
        1,
        3,
        7,
        10,
        11,
        11,
        12,
        47,
        76
    ],
    "dueDates": [
        30,
        36,
        39,
        23,
        41,
        32,
        55,
        18,
        66,
        95
    ],
    "processingTimes": [
        1,
        14,
        13,
        12,
        8,
        15,
        14,
        4,
        7,
        14
    ],
    "powerConsumptions": [
        53.24055202118385,
        4.5327688131905499,
        4.775312450341665,
        3.208632778834241,
        8.783674955509622,
        0.9961889860432935,
        6.278131569603059,
        12.083537148832159,
        11.942380882216153,
        5.53539670219376
    ],
    "maxDeviation": 3,
    "numMeteringIntervals": 30,
    "lengthMeteringInterval": 15,
    "maxEnergyConsumptions": [
        100.0,
        100.0,
        100.0,
        100.0,
        100.0,
        100.0,
        100.0,
        100.0,
        100.0,
        100.0,
        100.0,
        100.0,
        100.0,
        100.0,
        100.0,
        100.0,
        100.0,
        100.0,
        100.0,
        100.0,
        100.0,
        100.0,
        100.0,
        100.0,
        100.0,
        100.0,
        100.0,
        100.0,
        100.0,
        100.0
    ],
    "metadata": {}
}