{
    "numOperations": 10,
    "releaseTimes": [
        1,
        6,
        8,
        9,
        13,
        16,
        19,
        29,
        38,
        41
    ],
    "dueDates": [
        21,
        26,
        26,
        42,
        35,
        31,
        28,
        41,
        53,
        60
    ],
    "processingTimes": [
        1,
        10,
        11,
        13,
        9,
        7,
        7,
        1,
        2,
        8
    ],
    "powerConsumptions": [
        51.28027024556358,
        1.1655866885936573,
        7.485633885523421,
        4.8283309968429279,
        10.785884104411104,
        1.553468332155989,
        3.5243715507734989,
        56.36507288157899,
        12.566921333327772,
        8.808575605824079
    ],
    "maxDeviation": 3,
    "numMeteringIntervals": 30,
    "lengthMeteringInterval": 15,
    "maxEnergyConsumptions": [
        100.0,
        100.0,
        100.0,
        100.0,
        100.0,
        100.0,
        100.0,
        100.0,
        100.0,
        100.0,
        100.0,
        100.0,
        100.0,
        100.0,
        100.0,
        100.0,
        100.0,
        100.0,
        100.0,
        100.0,
        100.0,
        100.0,
        100.0,
        100.0,
        100.0,
        100.0,
        100.0,
        100.0,
        100.0,
        100.0
    ],
    "metadata": {}
}