{
    "numOperations": 15,
    "releaseTimes": [
        1,
        8,
        13,
        14,
        14,
        20,
        22,
        27,
        27,
        31,
        31,
        31,
        34,
        38,
        38
    ],
    "dueDates": [
        14,
        14,
        35,
        29,
        26,
        33,
        30,
        47,
        31,
        36,
        48,
        50,
        49,
        44,
        63
    ],
    "processingTimes": [
        10,
        2,
        14,
        11,
        5,
        4,
        7,
        11,
        4,
        3,
        11,
        9,
        11,
        2,
        14
    ],
    "powerConsumptions": [
        6.392817069645597,
        42.58329549597065,
        6.679915005871102,
        5.372640847771972,
        15.309306223021377,
        21.56614207663545,
        8.82376426911595,
        5.62611940785976,
        22.778753659490968,
        31.13147535001853,
        4.721180873837682,
        8.265067664726729,
        6.160238939102711,
        29.12607675022411,
        4.679741771125923
    ],
    "maxDeviation": 0,
    "numMeteringIntervals": 45,
    "lengthMeteringInterval": 15,
    "maxEnergyConsumptions": [
        100.0,
        100.0,
        100.0,
        100.0,
        100.0,
        100.0,
        100.0,
        100.0,
        100.0,
        100.0,
        100.0,
        100.0,
        100.0,
        100.0,
        100.0,
        100.0,
        100.0,
        100.0,
        100.0,
        100.0,
        100.0,
        100.0,
        100.0,
        100.0,
        100.0,
        100.0,
        100.0,
        100.0,
        100.0,
        100.0,
        100.0,
        100.0,
        100.0,
        100.0,
        100.0,
        100.0,
        100.0,
        100.0,
        100.0,
        100.0,
        100.0,
        100.0,
        100.0,
        100.0,
        100.0
    ],
    "metadata": {}
}