{
    "numOperations": 15,
    "releaseTimes": [
        6,
        8,
        9,
        10,
        14,
        15,
        32,
        41,
        41,
        79,
        79,
        79,
        79,
        91,
        92
    ],
    "dueDates": [
        22,
        10,
        25,
        22,
        36,
        27,
        42,
        56,
        53,
        98,
        92,
        90,
        94,
        109,
        93
    ],
    "processingTimes": [
        12,
        1,
        5,
        7,
        15,
        7,
        3,
        4,
        6,
        13,
        9,
        3,
        9,
        13,
        1
    ],
    "powerConsumptions": [
        4.585132910879023,
        79.01375913339368,
        16.417033793257539,
        12.972936628722705,
        5.447437321346396,
        8.342346475391706,
        29.063934653237497,
        20.875316264532928,
        14.497728787807626,
        7.428959093454917,
        5.89522193790388,
        22.71471019915686,
        6.53226961102253,
        4.864022761410056,
        78.2056532574857
    ],
    "maxDeviation": 0,
    "numMeteringIntervals": 45,
    "lengthMeteringInterval": 15,
    "maxEnergyConsumptions": [
        100.0,
        100.0,
        100.0,
        100.0,
        100.0,
        100.0,
        100.0,
        100.0,
        100.0,
        100.0,
        100.0,
        100.0,
        100.0,
        100.0,
        100.0,
        100.0,
        100.0,
        100.0,
        100.0,
        100.0,
        100.0,
        100.0,
        100.0,
        100.0,
        100.0,
        100.0,
        100.0,
        100.0,
        100.0,
        100.0,
        100.0,
        100.0,
        100.0,
        100.0,
        100.0,
        100.0,
        100.0,
        100.0,
        100.0,
        100.0,
        100.0,
        100.0,
        100.0,
        100.0,
        100.0
    ],
    "metadata": {}
}