{
    "numOperations": 15,
    "releaseTimes": [
        1,
        4,
        5,
        28,
        32,
        32,
        37,
        39,
        46,
        47,
        57,
        61,
        64,
        70,
        73
    ],
    "dueDates": [
        9,
        41,
        36,
        54,
        80,
        64,
        61,
        50,
        73,
        85,
        80,
        107,
        73,
        82,
        103
    ],
    "processingTimes": [
        5,
        6,
        3,
        9,
        12,
        13,
        10,
        7,
        12,
        4,
        7,
        10,
        8,
        2,
        13
    ],
    "powerConsumptions": [
        7.553933043451458,
        13.983183825432162,
        28.318489473644349,
        7.387312880382429,
        6.242608365406075,
        5.398501856058645,
        3.027384405239338,
        10.41323007937804,
        7.802205903508326,
        22.550636647560205,
        9.030242424632798,
        8.102464248009037,
        3.876603954308195,
        18.530875459961899,
        3.545746557881537
    ],
    "maxDeviation": 0,
    "numMeteringIntervals": 45,
    "lengthMeteringInterval": 15,
    "maxEnergyConsumptions": [
        100.0,
        100.0,
        100.0,
        100.0,
        100.0,
        100.0,
        100.0,
        100.0,
        100.0,
        100.0,
        100.0,
        100.0,
        100.0,
        100.0,
        100.0,
        100.0,
        100.0,
        100.0,
        100.0,
        100.0,
        100.0,
        100.0,
        100.0,
        100.0,
        100.0,
        100.0,
        100.0,
        100.0,
        100.0,
        100.0,
        100.0,
        100.0,
        100.0,
        100.0,
        100.0,
        100.0,
        100.0,
        100.0,
        100.0,
        100.0,
        100.0,
        100.0,
        100.0,
        100.0,
        100.0
    ],
    "metadata": {}
}