{
    "numOperations": 15,
    "releaseTimes": [
        7,
        9,
        16,
        17,
        21,
        24,
        25,
        27,
        29,
        33,
        34,
        34,
        44,
        53,
        62
    ],
    "dueDates": [
        34,
        29,
        48,
        27,
        33,
        43,
        44,
        39,
        66,
        64,
        51,
        56,
        59,
        90,
        92
    ],
    "processingTimes": [
        6,
        2,
        15,
        1,
        8,
        3,
        8,
        6,
        9,
        6,
        8,
        3,
        5,
        15,
        1
    ],
    "powerConsumptions": [
        12.046369065946612,
        42.434803508149538,
        5.150032952986212,
        82.51346064921683,
        5.908881141703745,
        32.337355967385558,
        4.985975896799962,
        11.009670250466355,
        10.704376430035797,
        12.12823263459765,
        4.1384937661613458,
        28.95629649811977,
        15.996998854484009,
        4.264606075229029,
        55.891326223638518
    ],
    "maxDeviation": 0,
    "numMeteringIntervals": 45,
    "lengthMeteringInterval": 15,
    "maxEnergyConsumptions": [
        100.0,
        100.0,
        100.0,
        100.0,
        100.0,
        100.0,
        100.0,
        100.0,
        100.0,
        100.0,
        100.0,
        100.0,
        100.0,
        100.0,
        100.0,
        100.0,
        100.0,
        100.0,
        100.0,
        100.0,
        100.0,
        100.0,
        100.0,
        100.0,
        100.0,
        100.0,
        100.0,
        100.0,
        100.0,
        100.0,
        100.0,
        100.0,
        100.0,
        100.0,
        100.0,
        100.0,
        100.0,
        100.0,
        100.0,
        100.0,
        100.0,
        100.0,
        100.0,
        100.0,
        100.0
    ],
    "metadata": {}
}