{
    "numOperations": 15,
    "releaseTimes": [
        2,
        2,
        3,
        4,
        4,
        12,
        17,
        28,
        32,
        34,
        41,
        42,
        46,
        50,
        53
    ],
    "dueDates": [
        5,
        17,
        24,
        29,
        44,
        62,
        47,
        42,
        52,
        47,
        64,
        82,
        65,
        92,
        86
    ],
    "processingTimes": [
        1,
        2,
        10,
        9,
        7,
        15,
        5,
        14,
        7,
        13,
        3,
        5,
        13,
        13,
        4
    ],
    "powerConsumptions": [
        54.60508725239488,
        20.621563966895427,
        7.409060912273473,
        5.504492652703301,
        14.203882303549694,
        6.483222422098289,
        13.229902783882574,
        6.219298967593381,
        12.826001523606236,
        4.2039195779694868,
        11.399621882319176,
        12.281091872895694,
        5.20443277995428,
        5.429306963490341,
        12.925851050311988
    ],
    "maxDeviation": 0,
    "numMeteringIntervals": 45,
    "lengthMeteringInterval": 15,
    "maxEnergyConsumptions": [
        100.0,
        100.0,
        100.0,
        100.0,
        100.0,
        100.0,
        100.0,
        100.0,
        100.0,
        100.0,
        100.0,
        100.0,
        100.0,
        100.0,
        100.0,
        100.0,
        100.0,
        100.0,
        100.0,
        100.0,
        100.0,
        100.0,
        100.0,
        100.0,
        100.0,
        100.0,
        100.0,
        100.0,
        100.0,
        100.0,
        100.0,
        100.0,
        100.0,
        100.0,
        100.0,
        100.0,
        100.0,
        100.0,
        100.0,
        100.0,
        100.0,
        100.0,
        100.0,
        100.0,
        100.0
    ],
    "metadata": {}
}