{
    "numOperations": 15,
    "releaseTimes": [
        4,
        17,
        19,
        19,
        23,
        33,
        35,
        44,
        62,
        64,
        66,
        69,
        71,
        76,
        76
    ],
    "dueDates": [
        29,
        43,
        40,
        45,
        50,
        64,
        71,
        78,
        89,
        99,
        91,
        92,
        107,
        121,
        81
    ],
    "processingTimes": [
        8,
        1,
        8,
        14,
        13,
        6,
        3,
        9,
        5,
        9,
        10,
        9,
        15,
        11,
        3
    ],
    "powerConsumptions": [
        6.990229303364865,
        91.38028638019768,
        6.550827569635937,
        2.401920495998035,
        2.591185321689646,
        9.592680848497304,
        28.381045709893149,
        6.812496930533124,
        11.596098522160578,
        5.750994320734169,
        4.9997593719814639,
        9.889199249837727,
        2.142353074445593,
        3.265580408349837,
        16.96158677067589
    ],
    "maxDeviation": 0,
    "numMeteringIntervals": 45,
    "lengthMeteringInterval": 15,
    "maxEnergyConsumptions": [
        100.0,
        100.0,
        100.0,
        100.0,
        100.0,
        100.0,
        100.0,
        100.0,
        100.0,
        100.0,
        100.0,
        100.0,
        100.0,
        100.0,
        100.0,
        100.0,
        100.0,
        100.0,
        100.0,
        100.0,
        100.0,
        100.0,
        100.0,
        100.0,
        100.0,
        100.0,
        100.0,
        100.0,
        100.0,
        100.0,
        100.0,
        100.0,
        100.0,
        100.0,
        100.0,
        100.0,
        100.0,
        100.0,
        100.0,
        100.0,
        100.0,
        100.0,
        100.0,
        100.0,
        100.0
    ],
    "metadata": {}
}