{
    "numOperations": 10,
    "releaseTimes": [
        3,
        6,
        7,
        7,
        13,
        23,
        23,
        24,
        26,
        28
    ],
    "dueDates": [
        8,
        17,
        8,
        15,
        16,
        38,
        38,
        32,
        33,
        38
    ],
    "processingTimes": [
        2,
        5,
        1,
        7,
        1,
        11,
        15,
        4,
        3,
        5
    ],
    "powerConsumptions": [
        26.439431132297846,
        5.658506021054772,
        91.15061490556923,
        3.2545561246273606,
        46.92817321472343,
        8.155304854787535,
        1.6398579766195072,
        10.720128142525994,
        7.386614374055038,
        10.195531116094355
    ],
    "maxDeviation": 0,
    "numMeteringIntervals": 30,
    "lengthMeteringInterval": 15,
    "maxEnergyConsumptions": [
        100.0,
        100.0,
        100.0,
        100.0,
        100.0,
        100.0,
        100.0,
        100.0,
        100.0,
        100.0,
        100.0,
        100.0,
        100.0,
        100.0,
        100.0,
        100.0,
        100.0,
        100.0,
        100.0,
        100.0,
        100.0,
        100.0,
        100.0,
        100.0,
        100.0,
        100.0,
        100.0,
        100.0,
        100.0,
        100.0
    ],
    "metadata": {}
}