{
    "numOperations": 10,
    "releaseTimes": [
        4,
        13,
        16,
        21,
        31,
        37,
        54,
        55,
        59,
        62
    ],
    "dueDates": [
        16,
        29,
        33,
        43,
        50,
        48,
        73,
        76,
        71,
        75
    ],
    "processingTimes": [
        6,
        7,
        13,
        14,
        10,
        4,
        11,
        14,
        4,
        13
    ],
    "powerConsumptions": [
        9.54147775069504,
        2.2667783634094484,
        4.15422187302182,
        5.098887199098907,
        9.249705060522726,
        22.525420299280996,
        2.0479590811517109,
        7.074473213491446,
        12.535527097024268,
        4.332257782934901
    ],
    "maxDeviation": 0,
    "numMeteringIntervals": 30,
    "lengthMeteringInterval": 15,
    "maxEnergyConsumptions": [
        100.0,
        100.0,
        100.0,
        100.0,
        100.0,
        100.0,
        100.0,
        100.0,
        100.0,
        100.0,
        100.0,
        100.0,
        100.0,
        100.0,
        100.0,
        100.0,
        100.0,
        100.0,
        100.0,
        100.0,
        100.0,
        100.0,
        100.0,
        100.0,
        100.0,
        100.0,
        100.0,
        100.0,
        100.0,
        100.0
    ],
    "metadata": {}
}