{
    "numOperations": 10,
    "releaseTimes": [
        0,
        7,
        9,
        15,
        24,
        33,
        33,
        38,
        39,
        41
    ],
    "dueDates": [
        23,
        23,
        20,
        30,
        36,
        39,
        55,
        48,
        53,
        53
    ],
    "processingTimes": [
        14,
        7,
        8,
        13,
        6,
        4,
        15,
        3,
        10,
        10
    ],
    "powerConsumptions": [
        0.7870328841961785,
        14.07017454466693,
        10.471918553202157,
        3.525610165095487,
        4.319872193809085,
        6.048951542813277,
        2.209678602566467,
        6.382454661546686,
        6.712456955760535,
        8.15292831676543
    ],
    "maxDeviation": 0,
    "numMeteringIntervals": 30,
    "lengthMeteringInterval": 15,
    "maxEnergyConsumptions": [
        100.0,
        100.0,
        100.0,
        100.0,
        100.0,
        100.0,
        100.0,
        100.0,
        100.0,
        100.0,
        100.0,
        100.0,
        100.0,
        100.0,
        100.0,
        100.0,
        100.0,
        100.0,
        100.0,
        100.0,
        100.0,
        100.0,
        100.0,
        100.0,
        100.0,
        100.0,
        100.0,
        100.0,
        100.0,
        100.0
    ],
    "metadata": {}
}