{
    "numOperations": 10,
    "releaseTimes": [
        6,
        11,
        11,
        12,
        16,
        18,
        19,
        19,
        19,
        24
    ],
    "dueDates": [
        9,
        34,
        16,
        19,
        32,
        30,
        39,
        29,
        29,
        36
    ],
    "processingTimes": [
        2,
        15,
        1,
        2,
        8,
        12,
        15,
        4,
        6,
        12
    ],
    "powerConsumptions": [
        28.362868892307956,
        1.0588042720916094,
        97.94621865998188,
        19.807524648803946,
        9.61183198110218,
        2.1186783599096428,
        6.305019086620377,
        8.236543260599597,
        3.524398264989175,
        2.0339570487921354
    ],
    "maxDeviation": 0,
    "numMeteringIntervals": 30,
    "lengthMeteringInterval": 15,
    "maxEnergyConsumptions": [
        100.0,
        100.0,
        100.0,
        100.0,
        100.0,
        100.0,
        100.0,
        100.0,
        100.0,
        100.0,
        100.0,
        100.0,
        100.0,
        100.0,
        100.0,
        100.0,
        100.0,
        100.0,
        100.0,
        100.0,
        100.0,
        100.0,
        100.0,
        100.0,
        100.0,
        100.0,
        100.0,
        100.0,
        100.0,
        100.0
    ],
    "metadata": {}
}