{
    "numOperations": 5,
    "releaseTimes": [
        10,
        15,
        16,
        18,
        27
    ],
    "dueDates": [
        39,
        43,
        26,
        25,
        39
    ],
    "processingTimes": [
        15,
        15,
        9,
        5,
        8
    ],
    "powerConsumptions": [
        5.056899267241947,
        6.226638245284209,
        8.870569871443893,
        19.867290033743104,
        11.392491612350426
    ],
    "maxDeviation": 0,
    "numMeteringIntervals": 15,
    "lengthMeteringInterval": 15,
    "maxEnergyConsumptions": [
        100.0,
        100.0,
        100.0,
        100.0,
        100.0,
        100.0,
        100.0,
        100.0,
        100.0,
        100.0,
        100.0,
        100.0,
        100.0,
        100.0,
        100.0
    ],
    "metadata": {}
}