{
    "numOperations": 10,
    "releaseTimes": [
        4,
        4,
        4,
        6,
        7,
        7,
        7,
        9,
        10,
        11
    ],
    "dueDates": [
        7,
        13,
        16,
        16,
        9,
        25,
        20,
        23,
        17,
        25
    ],
    "processingTimes": [
        1,
        1,
        2,
        1,
        2,
        15,
        6,
        4,
        1,
        6
    ],
    "powerConsumptions": [
        86.47560098729527,
        66.74472087943693,
        49.12679797854064,
        79.5996928389121,
        25.670103003438038,
        5.179339769303261,
        10.751664608753636,
        18.718720037619609,
        65.1095611519785,
        8.394477620963637
    ],
    "maxDeviation": 0,
    "numMeteringIntervals": 30,
    "lengthMeteringInterval": 15,
    "maxEnergyConsumptions": [
        100.0,
        100.0,
        100.0,
        100.0,
        100.0,
        100.0,
        100.0,
        100.0,
        100.0,
        100.0,
        100.0,
        100.0,
        100.0,
        100.0,
        100.0,
        100.0,
        100.0,
        100.0,
        100.0,
        100.0,
        100.0,
        100.0,
        100.0,
        100.0,
        100.0,
        100.0,
        100.0,
        100.0,
        100.0,
        100.0
    ],
    "metadata": {}
}