{
    "numOperations": 10,
    "releaseTimes": [
        5,
        8,
        10,
        13,
        14,
        23,
        24,
        33,
        33,
        33
    ],
    "dueDates": [
        24,
        41,
        40,
        22,
        36,
        46,
        62,
        58,
        46,
        61
    ],
    "processingTimes": [
        5,
        12,
        15,
        7,
        2,
        1,
        14,
        7,
        8,
        7
    ],
    "powerConsumptions": [
        19.954581131055514,
        5.610453107234252,
        4.103559170592925,
        11.066950863142234,
        27.233527292179916,
        59.93752286194902,
        6.891927073607247,
        10.676716122119718,
        8.516754654774168,
        12.538726704614652
    ],
    "maxDeviation": 0,
    "numMeteringIntervals": 30,
    "lengthMeteringInterval": 15,
    "maxEnergyConsumptions": [
        100.0,
        100.0,
        100.0,
        100.0,
        100.0,
        100.0,
        100.0,
        100.0,
        100.0,
        100.0,
        100.0,
        100.0,
        100.0,
        100.0,
        100.0,
        100.0,
        100.0,
        100.0,
        100.0,
        100.0,
        100.0,
        100.0,
        100.0,
        100.0,
        100.0,
        100.0,
        100.0,
        100.0,
        100.0,
        100.0
    ],
    "metadata": {}
}