{
    "numOperations": 10,
    "releaseTimes": [
        0,
        6,
        7,
        10,
        11,
        13,
        13,
        22,
        26,
        40
    ],
    "dueDates": [
        4,
        19,
        19,
        40,
        26,
        36,
        30,
        51,
        41,
        63
    ],
    "processingTimes": [
        3,
        6,
        1,
        12,
        6,
        2,
        7,
        11,
        15,
        4
    ],
    "powerConsumptions": [
        16.77684365508076,
        11.278538766051368,
        81.34306374149984,
        7.266971989196406,
        10.47509899034473,
        37.13191223294942,
        8.163585571464948,
        6.7806982577886159,
        4.318413516342146,
        24.59995166170866
    ],
    "maxDeviation": 0,
    "numMeteringIntervals": 30,
    "lengthMeteringInterval": 15,
    "maxEnergyConsumptions": [
        100.0,
        100.0,
        100.0,
        100.0,
        100.0,
        100.0,
        100.0,
        100.0,
        100.0,
        100.0,
        100.0,
        100.0,
        100.0,
        100.0,
        100.0,
        100.0,
        100.0,
        100.0,
        100.0,
        100.0,
        100.0,
        100.0,
        100.0,
        100.0,
        100.0,
        100.0,
        100.0,
        100.0,
        100.0,
        100.0
    ],
    "metadata": {}
}