{
    "numOperations": 10,
    "releaseTimes": [
        1,
        2,
        5,
        6,
        13,
        16,
        18,
        18,
        18,
        19
    ],
    "dueDates": [
        23,
        20,
        32,
        32,
        26,
        40,
        28,
        36,
        45,
        44
    ],
    "processingTimes": [
        2,
        6,
        10,
        6,
        7,
        4,
        7,
        13,
        10,
        7
    ],
    "powerConsumptions": [
        45.78467045763388,
        11.930509726445394,
        8.700769130162774,
        10.156649588618679,
        11.344159695564374,
        23.3483033738833,
        12.015650602853068,
        5.567275916298815,
        5.89893892955319,
        11.21038060712569
    ],
    "maxDeviation": 0,
    "numMeteringIntervals": 30,
    "lengthMeteringInterval": 15,
    "maxEnergyConsumptions": [
        100.0,
        100.0,
        100.0,
        100.0,
        100.0,
        100.0,
        100.0,
        100.0,
        100.0,
        100.0,
        100.0,
        100.0,
        100.0,
        100.0,
        100.0,
        100.0,
        100.0,
        100.0,
        100.0,
        100.0,
        100.0,
        100.0,
        100.0,
        100.0,
        100.0,
        100.0,
        100.0,
        100.0,
        100.0,
        100.0
    ],
    "metadata": {}
}