{
    "numOperations": 10,
    "releaseTimes": [
        0,
        0,
        14,
        16,
        28,
        34,
        37,
        46,
        47,
        56
    ],
    "dueDates": [
        23,
        12,
        40,
        46,
        37,
        55,
        55,
        59,
        73,
        90
    ],
    "processingTimes": [
        13,
        7,
        5,
        7,
        7,
        7,
        12,
        6,
        3,
        14
    ],
    "powerConsumptions": [
        4.9700093596353,
        8.713370237253497,
        19.321575678187526,
        7.392850032083683,
        10.956463318504659,
        11.420276746209506,
        6.095792257321609,
        12.985269250316298,
        29.556740942700175,
        5.168533324368897
    ],
    "maxDeviation": 0,
    "numMeteringIntervals": 30,
    "lengthMeteringInterval": 15,
    "maxEnergyConsumptions": [
        100.0,
        100.0,
        100.0,
        100.0,
        100.0,
        100.0,
        100.0,
        100.0,
        100.0,
        100.0,
        100.0,
        100.0,
        100.0,
        100.0,
        100.0,
        100.0,
        100.0,
        100.0,
        100.0,
        100.0,
        100.0,
        100.0,
        100.0,
        100.0,
        100.0,
        100.0,
        100.0,
        100.0,
        100.0,
        100.0
    ],
    "metadata": {}
}