{
    "numOperations": 15,
    "releaseTimes": [
        3,
        4,
        4,
        9,
        9,
        9,
        19,
        22,
        28,
        35,
        37,
        38,
        38,
        38,
        52
    ],
    "dueDates": [
        15,
        30,
        10,
        41,
        37,
        17,
        56,
        57,
        54,
        44,
        47,
        73,
        78,
        59,
        85
    ],
    "processingTimes": [
        12,
        9,
        3,
        13,
        3,
        1,
        10,
        12,
        5,
        8,
        3,
        12,
        9,
        12,
        11
    ],
    "powerConsumptions": [
        5.887099510033271,
        9.939803695962972,
        21.942906624355648,
        7.496085700227704,
        4.357649687585444,
        65.56871681855646,
        7.432557506117708,
        5.340473429071388,
        9.865667933290798,
        9.291258067827738,
        13.03627152207189,
        3.9463102420387696,
        3.9080663013985905,
        3.447056019545304,
        5.181271919389429
    ],
    "maxDeviation": 5,
    "numMeteringIntervals": 45,
    "lengthMeteringInterval": 15,
    "maxEnergyConsumptions": [
        100.0,
        100.0,
        100.0,
        100.0,
        100.0,
        100.0,
        100.0,
        100.0,
        100.0,
        100.0,
        100.0,
        100.0,
        100.0,
        100.0,
        100.0,
        100.0,
        100.0,
        100.0,
        100.0,
        100.0,
        100.0,
        100.0,
        100.0,
        100.0,
        100.0,
        100.0,
        100.0,
        100.0,
        100.0,
        100.0,
        100.0,
        100.0,
        100.0,
        100.0,
        100.0,
        100.0,
        100.0,
        100.0,
        100.0,
        100.0,
        100.0,
        100.0,
        100.0,
        100.0,
        100.0
    ],
    "metadata": {}
}