{
    "numOperations": 15,
    "releaseTimes": [
        0,
        4,
        5,
        18,
        29,
        32,
        41,
        43,
        61,
        64,
        82,
        86,
        92,
        92,
        117
    ],
    "dueDates": [
        32,
        46,
        21,
        35,
        52,
        45,
        66,
        69,
        76,
        74,
        121,
        110,
        98,
        135,
        140
    ],
    "processingTimes": [
        14,
        11,
        6,
        13,
        3,
        9,
        7,
        6,
        15,
        3,
        8,
        12,
        6,
        8,
        14
    ],
    "powerConsumptions": [
        2.089404367512178,
        8.182508580669606,
        2.685004172370063,
        3.264962750919727,
        18.652390433613708,
        6.941306263369887,
        11.170739673157878,
        3.019518210598084,
        6.021840833590404,
        11.702356122185316,
        3.541655509684032,
        3.1683406215500065,
        7.091133183854287,
        5.164243376737021,
        4.756176635246463
    ],
    "maxDeviation": 5,
    "numMeteringIntervals": 45,
    "lengthMeteringInterval": 15,
    "maxEnergyConsumptions": [
        100.0,
        100.0,
        100.0,
        100.0,
        100.0,
        100.0,
        100.0,
        100.0,
        100.0,
        100.0,
        100.0,
        100.0,
        100.0,
        100.0,
        100.0,
        100.0,
        100.0,
        100.0,
        100.0,
        100.0,
        100.0,
        100.0,
        100.0,
        100.0,
        100.0,
        100.0,
        100.0,
        100.0,
        100.0,
        100.0,
        100.0,
        100.0,
        100.0,
        100.0,
        100.0,
        100.0,
        100.0,
        100.0,
        100.0,
        100.0,
        100.0,
        100.0,
        100.0,
        100.0,
        100.0
    ],
    "metadata": {}
}