{
    "numOperations": 15,
    "releaseTimes": [
        8,
        8,
        15,
        33,
        34,
        35,
        45,
        50,
        60,
        68,
        70,
        77,
        84,
        92,
        93
    ],
    "dueDates": [
        40,
        22,
        55,
        79,
        53,
        70,
        70,
        79,
        95,
        108,
        122,
        119,
        133,
        108,
        135
    ],
    "processingTimes": [
        9,
        12,
        2,
        11,
        5,
        12,
        14,
        10,
        7,
        12,
        15,
        4,
        14,
        6,
        1
    ],
    "powerConsumptions": [
        1.5964516193154848,
        2.045111965587687,
        41.02313501072449,
        8.190300668752612,
        19.430470600027719,
        4.45173286508605,
        6.293519236729809,
        6.329585344953497,
        4.72342403336407,
        6.680304348175469,
        3.4376514483749807,
        10.309182120439568,
        3.7026590521104705,
        8.475573600733709,
        75.87967387193449
    ],
    "maxDeviation": 5,
    "numMeteringIntervals": 45,
    "lengthMeteringInterval": 15,
    "maxEnergyConsumptions": [
        100.0,
        100.0,
        100.0,
        100.0,
        100.0,
        100.0,
        100.0,
        100.0,
        100.0,
        100.0,
        100.0,
        100.0,
        100.0,
        100.0,
        100.0,
        100.0,
        100.0,
        100.0,
        100.0,
        100.0,
        100.0,
        100.0,
        100.0,
        100.0,
        100.0,
        100.0,
        100.0,
        100.0,
        100.0,
        100.0,
        100.0,
        100.0,
        100.0,
        100.0,
        100.0,
        100.0,
        100.0,
        100.0,
        100.0,
        100.0,
        100.0,
        100.0,
        100.0,
        100.0,
        100.0
    ],
    "metadata": {}
}