{
    "numOperations": 15,
    "releaseTimes": [
        7,
        7,
        11,
        16,
        39,
        39,
        40,
        47,
        48,
        50,
        59,
        59,
        65,
        70,
        94
    ],
    "dueDates": [
        24,
        27,
        29,
        25,
        74,
        77,
        64,
        62,
        79,
        69,
        92,
        96,
        89,
        118,
        145
    ],
    "processingTimes": [
        10,
        4,
        6,
        3,
        2,
        11,
        11,
        7,
        12,
        3,
        9,
        15,
        9,
        13,
        15
    ],
    "powerConsumptions": [
        6.223702214200765,
        19.542172088284116,
        9.518015357150493,
        33.17553099318686,
        41.00976428191344,
        4.5981505294489459,
        7.219127832365672,
        14.18014299451893,
        5.219335586488682,
        27.9705076283312,
        8.019093480753242,
        3.5402619558804124,
        7.034904918238557,
        5.286837745611218,
        4.2238670883446309
    ],
    "maxDeviation": 3,
    "numMeteringIntervals": 45,
    "lengthMeteringInterval": 15,
    "maxEnergyConsumptions": [
        100.0,
        100.0,
        100.0,
        100.0,
        100.0,
        100.0,
        100.0,
        100.0,
        100.0,
        100.0,
        100.0,
        100.0,
        100.0,
        100.0,
        100.0,
        100.0,
        100.0,
        100.0,
        100.0,
        100.0,
        100.0,
        100.0,
        100.0,
        100.0,
        100.0,
        100.0,
        100.0,
        100.0,
        100.0,
        100.0,
        100.0,
        100.0,
        100.0,
        100.0,
        100.0,
        100.0,
        100.0,
        100.0,
        100.0,
        100.0,
        100.0,
        100.0,
        100.0,
        100.0,
        100.0
    ],
    "metadata": {}
}