{
    "numOperations": 10,
    "releaseTimes": [
        5,
        7,
        22,
        35,
        41,
        56,
        61,
        63,
        73,
        74
    ],
    "dueDates": [
        28,
        19,
        28,
        46,
        60,
        66,
        81,
        78,
        81,
        88
    ],
    "processingTimes": [
        14,
        9,
        4,
        5,
        12,
        1,
        12,
        9,
        3,
        13
    ],
    "powerConsumptions": [
        3.200647311579785,
        3.278266787783553,
        24.764364944838957,
        4.519424712650527,
        6.977008320286553,
        87.47456406983315,
        7.644902559636614,
        4.363920349373059,
        3.5030768611006679,
        1.98393994369977
    ],
    "maxDeviation": 5,
    "numMeteringIntervals": 30,
    "lengthMeteringInterval": 15,
    "maxEnergyConsumptions": [
        100.0,
        100.0,
        100.0,
        100.0,
        100.0,
        100.0,
        100.0,
        100.0,
        100.0,
        100.0,
        100.0,
        100.0,
        100.0,
        100.0,
        100.0,
        100.0,
        100.0,
        100.0,
        100.0,
        100.0,
        100.0,
        100.0,
        100.0,
        100.0,
        100.0,
        100.0,
        100.0,
        100.0,
        100.0,
        100.0
    ],
    "metadata": {}
}