{
    "numOperations": 10,
    "releaseTimes": [
        15,
        15,
        20,
        50,
        55,
        63,
        67,
        90,
        90,
        91
    ],
    "dueDates": [
        34,
        23,
        34,
        66,
        75,
        76,
        76,
        105,
        97,
        101
    ],
    "processingTimes": [
        14,
        1,
        13,
        11,
        11,
        11,
        1,
        15,
        7,
        5
    ],
    "powerConsumptions": [
        1.0002070269364687,
        50.34092567739782,
        2.0000711367085768,
        5.92303827057211,
        5.188336097537538,
        6.3751768627401479,
        58.39267670659264,
        4.901872984219765,
        12.78396668415945,
        18.29018422810342
    ],
    "maxDeviation": 5,
    "numMeteringIntervals": 30,
    "lengthMeteringInterval": 15,
    "maxEnergyConsumptions": [
        100.0,
        100.0,
        100.0,
        100.0,
        100.0,
        100.0,
        100.0,
        100.0,
        100.0,
        100.0,
        100.0,
        100.0,
        100.0,
        100.0,
        100.0,
        100.0,
        100.0,
        100.0,
        100.0,
        100.0,
        100.0,
        100.0,
        100.0,
        100.0,
        100.0,
        100.0,
        100.0,
        100.0,
        100.0,
        100.0
    ],
    "metadata": {}
}