{
    "numOperations": 10,
    "releaseTimes": [
        2,
        15,
        16,
        35,
        55,
        56,
        63,
        67,
        75,
        77
    ],
    "dueDates": [
        12,
        25,
        24,
        56,
        64,
        73,
        71,
        87,
        83,
        94
    ],
    "processingTimes": [
        8,
        6,
        2,
        14,
        1,
        9,
        5,
        15,
        4,
        12
    ],
    "powerConsumptions": [
        2.4546083411911274,
        11.939442766992732,
        38.71104715441621,
        6.240675576359763,
        76.40242329858534,
        3.8698765451909216,
        8.306621641125754,
        0.8027261436926633,
        13.463710943351546,
        3.2779827324763235
    ],
    "maxDeviation": 5,
    "numMeteringIntervals": 30,
    "lengthMeteringInterval": 15,
    "maxEnergyConsumptions": [
        100.0,
        100.0,
        100.0,
        100.0,
        100.0,
        100.0,
        100.0,
        100.0,
        100.0,
        100.0,
        100.0,
        100.0,
        100.0,
        100.0,
        100.0,
        100.0,
        100.0,
        100.0,
        100.0,
        100.0,
        100.0,
        100.0,
        100.0,
        100.0,
        100.0,
        100.0,
        100.0,
        100.0,
        100.0,
        100.0
    ],
    "metadata": {}
}