{
    "numOperations": 10,
    "releaseTimes": [
        1,
        11,
        18,
        23,
        23,
        26,
        45,
        47,
        49,
        82
    ],
    "dueDates": [
        14,
        19,
        33,
        38,
        35,
        35,
        56,
        63,
        55,
        91
    ],
    "processingTimes": [
        7,
        4,
        8,
        9,
        11,
        4,
        5,
        10,
        3,
        8
    ],
    "powerConsumptions": [
        13.736910431008367,
        5.678223734628475,
        7.045039170092557,
        10.588166521157137,
        5.908111198289261,
        3.4989839701291745,
        16.623428727120968,
        7.42664212073972,
        17.891515245519949,
        5.411106000227619
    ],
    "maxDeviation": 5,
    "numMeteringIntervals": 30,
    "lengthMeteringInterval": 15,
    "maxEnergyConsumptions": [
        100.0,
        100.0,
        100.0,
        100.0,
        100.0,
        100.0,
        100.0,
        100.0,
        100.0,
        100.0,
        100.0,
        100.0,
        100.0,
        100.0,
        100.0,
        100.0,
        100.0,
        100.0,
        100.0,
        100.0,
        100.0,
        100.0,
        100.0,
        100.0,
        100.0,
        100.0,
        100.0,
        100.0,
        100.0,
        100.0
    ],
    "metadata": {}
}