{
    "numOperations": 10,
    "releaseTimes": [
        9,
        45,
        47,
        49,
        66,
        66,
        69,
        82,
        92,
        117
    ],
    "dueDates": [
        25,
        57,
        57,
        68,
        70,
        78,
        89,
        95,
        107,
        133
    ],
    "processingTimes": [
        8,
        5,
        7,
        13,
        2,
        3,
        13,
        11,
        8,
        15
    ],
    "powerConsumptions": [
        7.699565022953974,
        7.37425114181426,
        3.051882350146857,
        3.6227270923231837,
        11.929550601864172,
        16.359698155906125,
        2.758245428882805,
        2.2881628167452088,
        7.156599534395079,
        1.2697415527527208
    ],
    "maxDeviation": 5,
    "numMeteringIntervals": 30,
    "lengthMeteringInterval": 15,
    "maxEnergyConsumptions": [
        100.0,
        100.0,
        100.0,
        100.0,
        100.0,
        100.0,
        100.0,
        100.0,
        100.0,
        100.0,
        100.0,
        100.0,
        100.0,
        100.0,
        100.0,
        100.0,
        100.0,
        100.0,
        100.0,
        100.0,
        100.0,
        100.0,
        100.0,
        100.0,
        100.0,
        100.0,
        100.0,
        100.0,
        100.0,
        100.0
    ],
    "metadata": {}
}