{
    "numOperations": 10,
    "releaseTimes": [
        7,
        9,
        11,
        11,
        11,
        13,
        14,
        15,
        16,
        19
    ],
    "dueDates": [
        12,
        12,
        18,
        15,
        22,
        30,
        18,
        24,
        31,
        36
    ],
    "processingTimes": [
        5,
        3,
        3,
        1,
        8,
        11,
        2,
        3,
        12,
        12
    ],
    "powerConsumptions": [
        7.391118949326969,
        28.035907223959879,
        21.538998214172769,
        43.500713782771729,
        3.7402516321943097,
        7.0342995079923649,
        42.39651927253608,
        24.838335847114015,
        0.88719615150183,
        1.4785595334738096
    ],
    "maxDeviation": 5,
    "numMeteringIntervals": 30,
    "lengthMeteringInterval": 15,
    "maxEnergyConsumptions": [
        100.0,
        100.0,
        100.0,
        100.0,
        100.0,
        100.0,
        100.0,
        100.0,
        100.0,
        100.0,
        100.0,
        100.0,
        100.0,
        100.0,
        100.0,
        100.0,
        100.0,
        100.0,
        100.0,
        100.0,
        100.0,
        100.0,
        100.0,
        100.0,
        100.0,
        100.0,
        100.0,
        100.0,
        100.0,
        100.0
    ],
    "metadata": {}
}