{
    "numOperations": 15,
    "releaseTimes": [
        3,
        5,
        11,
        18,
        19,
        21,
        45,
        45,
        47,
        47,
        47,
        47,
        49,
        50,
        51
    ],
    "dueDates": [
        8,
        9,
        24,
        32,
        37,
        38,
        58,
        63,
        55,
        51,
        60,
        57,
        53,
        69,
        59
    ],
    "processingTimes": [
        1,
        2,
        3,
        6,
        12,
        11,
        10,
        9,
        6,
        3,
        5,
        3,
        4,
        11,
        7
    ],
    "powerConsumptions": [
        75.82401455580046,
        28.38445449195573,
        17.73013713947098,
        15.667628397486523,
        4.795130495915889,
        8.018960963660174,
        3.907265066615821,
        10.66054060516721,
        9.107372381619014,
        23.344129377620705,
        17.81881990866137,
        29.070724332542939,
        15.1190673834579,
        4.949180849723857,
        13.476900192801489
    ],
    "maxDeviation": 5,
    "numMeteringIntervals": 45,
    "lengthMeteringInterval": 15,
    "maxEnergyConsumptions": [
        100.0,
        100.0,
        100.0,
        100.0,
        100.0,
        100.0,
        100.0,
        100.0,
        100.0,
        100.0,
        100.0,
        100.0,
        100.0,
        100.0,
        100.0,
        100.0,
        100.0,
        100.0,
        100.0,
        100.0,
        100.0,
        100.0,
        100.0,
        100.0,
        100.0,
        100.0,
        100.0,
        100.0,
        100.0,
        100.0,
        100.0,
        100.0,
        100.0,
        100.0,
        100.0,
        100.0,
        100.0,
        100.0,
        100.0,
        100.0,
        100.0,
        100.0,
        100.0,
        100.0,
        100.0
    ],
    "metadata": {}
}