{
    "numOperations": 15,
    "releaseTimes": [
        0,
        13,
        13,
        13,
        13,
        19,
        19,
        26,
        32,
        34,
        38,
        55,
        57,
        57,
        64
    ],
    "dueDates": [
        17,
        34,
        18,
        32,
        23,
        31,
        34,
        31,
        46,
        40,
        54,
        57,
        66,
        63,
        77
    ],
    "processingTimes": [
        10,
        12,
        3,
        12,
        4,
        10,
        13,
        5,
        10,
        2,
        6,
        2,
        4,
        2,
        4
    ],
    "powerConsumptions": [
        7.266277303960946,
        6.140029804493416,
        25.03576165778961,
        2.6516684145425457,
        11.135612585136878,
        6.922272775946567,
        2.9575654704296405,
        7.928018156505902,
        6.798202250011734,
        46.03099041571283,
        9.230251842836124,
        25.472389969263739,
        23.477538455829149,
        48.96046082111931,
        21.462765306773563
    ],
    "maxDeviation": 5,
    "numMeteringIntervals": 45,
    "lengthMeteringInterval": 15,
    "maxEnergyConsumptions": [
        100.0,
        100.0,
        100.0,
        100.0,
        100.0,
        100.0,
        100.0,
        100.0,
        100.0,
        100.0,
        100.0,
        100.0,
        100.0,
        100.0,
        100.0,
        100.0,
        100.0,
        100.0,
        100.0,
        100.0,
        100.0,
        100.0,
        100.0,
        100.0,
        100.0,
        100.0,
        100.0,
        100.0,
        100.0,
        100.0,
        100.0,
        100.0,
        100.0,
        100.0,
        100.0,
        100.0,
        100.0,
        100.0,
        100.0,
        100.0,
        100.0,
        100.0,
        100.0,
        100.0,
        100.0
    ],
    "metadata": {}
}