{
    "numOperations": 15,
    "releaseTimes": [
        4,
        6,
        7,
        10,
        18,
        18,
        20,
        28,
        34,
        36,
        38,
        41,
        43,
        44,
        44
    ],
    "dueDates": [
        16,
        16,
        21,
        23,
        35,
        24,
        26,
        35,
        50,
        62,
        57,
        50,
        48,
        59,
        69
    ],
    "processingTimes": [
        3,
        2,
        6,
        9,
        15,
        4,
        1,
        1,
        14,
        14,
        14,
        9,
        3,
        8,
        13
    ],
    "powerConsumptions": [
        17.78329739603492,
        27.401422043620607,
        8.758419810057136,
        8.321811426242782,
        2.1758531446083557,
        8.868746380834747,
        64.37854173911694,
        47.690292864819799,
        5.435927167101044,
        2.1511788810278529,
        2.647206038310142,
        10.765120677135603,
        13.859482834054426,
        4.768868120462059,
        7.482070060929203
    ],
    "maxDeviation": 5,
    "numMeteringIntervals": 45,
    "lengthMeteringInterval": 15,
    "maxEnergyConsumptions": [
        100.0,
        100.0,
        100.0,
        100.0,
        100.0,
        100.0,
        100.0,
        100.0,
        100.0,
        100.0,
        100.0,
        100.0,
        100.0,
        100.0,
        100.0,
        100.0,
        100.0,
        100.0,
        100.0,
        100.0,
        100.0,
        100.0,
        100.0,
        100.0,
        100.0,
        100.0,
        100.0,
        100.0,
        100.0,
        100.0,
        100.0,
        100.0,
        100.0,
        100.0,
        100.0,
        100.0,
        100.0,
        100.0,
        100.0,
        100.0,
        100.0,
        100.0,
        100.0,
        100.0,
        100.0
    ],
    "metadata": {}
}