{
    "numOperations": 15,
    "releaseTimes": [
        5,
        12,
        12,
        12,
        12,
        12,
        24,
        28,
        32,
        35,
        37,
        51,
        55,
        56,
        62
    ],
    "dueDates": [
        18,
        28,
        30,
        25,
        26,
        28,
        42,
        38,
        38,
        51,
        50,
        68,
        63,
        67,
        73
    ],
    "processingTimes": [
        6,
        9,
        15,
        12,
        12,
        12,
        7,
        7,
        4,
        11,
        4,
        10,
        7,
        5,
        6
    ],
    "powerConsumptions": [
        10.754638908429044,
        5.015242855145875,
        3.6479227555331477,
        7.704203091347097,
        5.061710963335232,
        8.229314599637004,
        10.052092533147134,
        5.7181570431941799,
        16.247115411729909,
        3.252893514534905,
        10.526223671553212,
        5.62235083800798,
        5.932561729340238,
        9.43597948032571,
        14.230157019205505
    ],
    "maxDeviation": 5,
    "numMeteringIntervals": 45,
    "lengthMeteringInterval": 15,
    "maxEnergyConsumptions": [
        100.0,
        100.0,
        100.0,
        100.0,
        100.0,
        100.0,
        100.0,
        100.0,
        100.0,
        100.0,
        100.0,
        100.0,
        100.0,
        100.0,
        100.0,
        100.0,
        100.0,
        100.0,
        100.0,
        100.0,
        100.0,
        100.0,
        100.0,
        100.0,
        100.0,
        100.0,
        100.0,
        100.0,
        100.0,
        100.0,
        100.0,
        100.0,
        100.0,
        100.0,
        100.0,
        100.0,
        100.0,
        100.0,
        100.0,
        100.0,
        100.0,
        100.0,
        100.0,
        100.0,
        100.0
    ],
    "metadata": {}
}