{
    "numOperations": 15,
    "releaseTimes": [
        1,
        1,
        1,
        3,
        9,
        9,
        12,
        14,
        17,
        24,
        26,
        26,
        26,
        33,
        40
    ],
    "dueDates": [
        10,
        9,
        16,
        17,
        21,
        24,
        30,
        26,
        31,
        38,
        27,
        45,
        39,
        49,
        56
    ],
    "processingTimes": [
        6,
        6,
        11,
        3,
        5,
        11,
        13,
        5,
        3,
        10,
        1,
        14,
        6,
        8,
        6
    ],
    "powerConsumptions": [
        6.22009253236564,
        14.72274141954603,
        6.9183226815718259,
        10.441373695524799,
        8.725504143327303,
        6.055915641046838,
        6.183510222840732,
        17.719145934891288,
        25.39737672091969,
        7.5011868104876548,
        67.44133338767554,
        3.7600015433694886,
        10.160987067717361,
        6.170841188460541,
        6.367774543898492
    ],
    "maxDeviation": 0,
    "numMeteringIntervals": 45,
    "lengthMeteringInterval": 15,
    "maxEnergyConsumptions": [
        100.0,
        100.0,
        100.0,
        100.0,
        100.0,
        100.0,
        100.0,
        100.0,
        100.0,
        100.0,
        100.0,
        100.0,
        100.0,
        100.0,
        100.0,
        100.0,
        100.0,
        100.0,
        100.0,
        100.0,
        100.0,
        100.0,
        100.0,
        100.0,
        100.0,
        100.0,
        100.0,
        100.0,
        100.0,
        100.0,
        100.0,
        100.0,
        100.0,
        100.0,
        100.0,
        100.0,
        100.0,
        100.0,
        100.0,
        100.0,
        100.0,
        100.0,
        100.0,
        100.0,
        100.0
    ],
    "metadata": {}
}