{
    "numOperations": 15,
    "releaseTimes": [
        1,
        6,
        16,
        18,
        24,
        24,
        29,
        33,
        35,
        37,
        41,
        48,
        51,
        51,
        78
    ],
    "dueDates": [
        17,
        19,
        42,
        30,
        41,
        47,
        48,
        58,
        48,
        48,
        60,
        72,
        56,
        70,
        99
    ],
    "processingTimes": [
        7,
        13,
        15,
        5,
        8,
        9,
        13,
        14,
        10,
        4,
        15,
        9,
        2,
        4,
        14
    ],
    "powerConsumptions": [
        13.900075656860614,
        3.4783606217041576,
        5.651548074869966,
        19.440767491975355,
        8.767251715481529,
        4.337000611324203,
        5.009981703227508,
        4.668152096036702,
        3.828780946947049,
        19.205828394841008,
        3.8046345941588926,
        9.797419132341844,
        19.32055039896916,
        18.841317388195546,
        6.38633383613953
    ],
    "maxDeviation": 0,
    "numMeteringIntervals": 45,
    "lengthMeteringInterval": 15,
    "maxEnergyConsumptions": [
        100.0,
        100.0,
        100.0,
        100.0,
        100.0,
        100.0,
        100.0,
        100.0,
        100.0,
        100.0,
        100.0,
        100.0,
        100.0,
        100.0,
        100.0,
        100.0,
        100.0,
        100.0,
        100.0,
        100.0,
        100.0,
        100.0,
        100.0,
        100.0,
        100.0,
        100.0,
        100.0,
        100.0,
        100.0,
        100.0,
        100.0,
        100.0,
        100.0,
        100.0,
        100.0,
        100.0,
        100.0,
        100.0,
        100.0,
        100.0,
        100.0,
        100.0,
        100.0,
        100.0,
        100.0
    ],
    "metadata": {}
}