{
    "numOperations": 15,
    "releaseTimes": [
        3,
        4,
        11,
        13,
        22,
        29,
        37,
        41,
        50,
        55,
        58,
        62,
        73,
        75,
        85
    ],
    "dueDates": [
        16,
        18,
        33,
        28,
        50,
        52,
        55,
        59,
        69,
        75,
        67,
        79,
        85,
        93,
        103
    ],
    "processingTimes": [
        13,
        7,
        10,
        11,
        13,
        8,
        3,
        7,
        14,
        8,
        6,
        8,
        4,
        14,
        15
    ],
    "powerConsumptions": [
        5.074086983481133,
        10.365912797026726,
        8.589152346414398,
        3.6606364802782695,
        5.128070450632208,
        8.751735924584139,
        25.836553334324454,
        12.732121295369187,
        3.8032205039578259,
        10.260652795803527,
        9.699142737680587,
        8.610211431439695,
        18.253774292606204,
        5.212487769336032,
        2.1850952960395477
    ],
    "maxDeviation": 0,
    "numMeteringIntervals": 45,
    "lengthMeteringInterval": 15,
    "maxEnergyConsumptions": [
        100.0,
        100.0,
        100.0,
        100.0,
        100.0,
        100.0,
        100.0,
        100.0,
        100.0,
        100.0,
        100.0,
        100.0,
        100.0,
        100.0,
        100.0,
        100.0,
        100.0,
        100.0,
        100.0,
        100.0,
        100.0,
        100.0,
        100.0,
        100.0,
        100.0,
        100.0,
        100.0,
        100.0,
        100.0,
        100.0,
        100.0,
        100.0,
        100.0,
        100.0,
        100.0,
        100.0,
        100.0,
        100.0,
        100.0,
        100.0,
        100.0,
        100.0,
        100.0,
        100.0,
        100.0
    ],
    "metadata": {}
}