{
    "numOperations": 15,
    "releaseTimes": [
        4,
        11,
        24,
        26,
        44,
        48,
        50,
        52,
        54,
        76,
        76,
        76,
        80,
        82,
        82
    ],
    "dueDates": [
        17,
        27,
        31,
        38,
        54,
        65,
        69,
        68,
        63,
        87,
        86,
        87,
        91,
        93,
        92
    ],
    "processingTimes": [
        10,
        6,
        1,
        3,
        10,
        7,
        9,
        11,
        6,
        6,
        6,
        2,
        9,
        7,
        2
    ],
    "powerConsumptions": [
        7.709171840510292,
        12.972590579975867,
        41.79378608035232,
        31.488498916087975,
        3.026728987793349,
        6.06723272888806,
        8.531016914764937,
        6.020341299629143,
        10.447952813159502,
        6.092510365847485,
        10.193077729646083,
        37.82162011638999,
        10.196057630468355,
        6.324846995649378,
        15.56261017782956
    ],
    "maxDeviation": 0,
    "numMeteringIntervals": 45,
    "lengthMeteringInterval": 15,
    "maxEnergyConsumptions": [
        100.0,
        100.0,
        100.0,
        100.0,
        100.0,
        100.0,
        100.0,
        100.0,
        100.0,
        100.0,
        100.0,
        100.0,
        100.0,
        100.0,
        100.0,
        100.0,
        100.0,
        100.0,
        100.0,
        100.0,
        100.0,
        100.0,
        100.0,
        100.0,
        100.0,
        100.0,
        100.0,
        100.0,
        100.0,
        100.0,
        100.0,
        100.0,
        100.0,
        100.0,
        100.0,
        100.0,
        100.0,
        100.0,
        100.0,
        100.0,
        100.0,
        100.0,
        100.0,
        100.0,
        100.0
    ],
    "metadata": {}
}