{
    "numOperations": 15,
    "releaseTimes": [
        1,
        2,
        3,
        28,
        30,
        33,
        34,
        37,
        49,
        54,
        58,
        58,
        77,
        87,
        90
    ],
    "dueDates": [
        18,
        20,
        7,
        35,
        45,
        50,
        47,
        47,
        74,
        78,
        79,
        67,
        102,
        102,
        117
    ],
    "processingTimes": [
        12,
        4,
        2,
        4,
        7,
        4,
        5,
        9,
        14,
        13,
        11,
        9,
        12,
        14,
        13
    ],
    "powerConsumptions": [
        5.4153433693907548,
        20.597610007144174,
        39.139757971904327,
        10.496475773141246,
        7.11398933659368,
        23.4399241839129,
        11.590311067656236,
        10.352728059936503,
        4.884682803330796,
        3.724668150729563,
        4.228033362019378,
        5.943598561149743,
        5.1418182944550179,
        5.47837858274165,
        6.718795794786323
    ],
    "maxDeviation": 0,
    "numMeteringIntervals": 45,
    "lengthMeteringInterval": 15,
    "maxEnergyConsumptions": [
        100.0,
        100.0,
        100.0,
        100.0,
        100.0,
        100.0,
        100.0,
        100.0,
        100.0,
        100.0,
        100.0,
        100.0,
        100.0,
        100.0,
        100.0,
        100.0,
        100.0,
        100.0,
        100.0,
        100.0,
        100.0,
        100.0,
        100.0,
        100.0,
        100.0,
        100.0,
        100.0,
        100.0,
        100.0,
        100.0,
        100.0,
        100.0,
        100.0,
        100.0,
        100.0,
        100.0,
        100.0,
        100.0,
        100.0,
        100.0,
        100.0,
        100.0,
        100.0,
        100.0,
        100.0
    ],
    "metadata": {}
}