{
    "numOperations": 15,
    "releaseTimes": [
        4,
        5,
        7,
        10,
        17,
        17,
        19,
        28,
        29,
        34,
        38,
        57,
        58,
        63,
        67
    ],
    "dueDates": [
        5,
        14,
        29,
        20,
        30,
        30,
        25,
        41,
        43,
        53,
        45,
        70,
        81,
        74,
        68
    ],
    "processingTimes": [
        1,
        2,
        12,
        7,
        8,
        4,
        1,
        11,
        11,
        15,
        6,
        8,
        13,
        1,
        1
    ],
    "powerConsumptions": [
        55.40706054411498,
        19.35648234884539,
        4.538158472383457,
        2.595137216036669,
        2.079677096252191,
        11.143198329281205,
        92.24356978639239,
        4.7091022041235759,
        1.3188689576166986,
        5.287893948678334,
        3.5471473003325775,
        8.995122136859575,
        5.1276082793200559,
        75.28707987947127,
        89.97149926605364
    ],
    "maxDeviation": 3,
    "numMeteringIntervals": 45,
    "lengthMeteringInterval": 15,
    "maxEnergyConsumptions": [
        100.0,
        100.0,
        100.0,
        100.0,
        100.0,
        100.0,
        100.0,
        100.0,
        100.0,
        100.0,
        100.0,
        100.0,
        100.0,
        100.0,
        100.0,
        100.0,
        100.0,
        100.0,
        100.0,
        100.0,
        100.0,
        100.0,
        100.0,
        100.0,
        100.0,
        100.0,
        100.0,
        100.0,
        100.0,
        100.0,
        100.0,
        100.0,
        100.0,
        100.0,
        100.0,
        100.0,
        100.0,
        100.0,
        100.0,
        100.0,
        100.0,
        100.0,
        100.0,
        100.0,
        100.0
    ],
    "metadata": {}
}