{
    "numOperations": 15,
    "releaseTimes": [
        6,
        10,
        33,
        34,
        34,
        37,
        37,
        44,
        46,
        50,
        50,
        52,
        54,
        59,
        62
    ],
    "dueDates": [
        22,
        22,
        43,
        53,
        47,
        51,
        42,
        66,
        60,
        66,
        61,
        59,
        69,
        70,
        69
    ],
    "processingTimes": [
        13,
        1,
        5,
        10,
        9,
        14,
        4,
        15,
        4,
        13,
        11,
        7,
        13,
        1,
        3
    ],
    "powerConsumptions": [
        4.077106810982948,
        56.79896376782213,
        4.705607598390443,
        8.503139212531857,
        6.888871072202045,
        2.8432675704132599,
        24.704867248983555,
        0.6766111620737153,
        3.1604982961832226,
        4.159127174450974,
        6.955116862129256,
        8.323429889289656,
        1.6173554124186725,
        26.94482172908804,
        21.757098927187625
    ],
    "maxDeviation": 3,
    "numMeteringIntervals": 45,
    "lengthMeteringInterval": 15,
    "maxEnergyConsumptions": [
        100.0,
        100.0,
        100.0,
        100.0,
        100.0,
        100.0,
        100.0,
        100.0,
        100.0,
        100.0,
        100.0,
        100.0,
        100.0,
        100.0,
        100.0,
        100.0,
        100.0,
        100.0,
        100.0,
        100.0,
        100.0,
        100.0,
        100.0,
        100.0,
        100.0,
        100.0,
        100.0,
        100.0,
        100.0,
        100.0,
        100.0,
        100.0,
        100.0,
        100.0,
        100.0,
        100.0,
        100.0,
        100.0,
        100.0,
        100.0,
        100.0,
        100.0,
        100.0,
        100.0,
        100.0
    ],
    "metadata": {}
}