{
    "numOperations": 15,
    "releaseTimes": [
        4,
        6,
        6,
        9,
        9,
        18,
        24,
        25,
        26,
        26,
        27,
        30,
        31,
        34,
        52
    ],
    "dueDates": [
        14,
        20,
        34,
        17,
        25,
        24,
        40,
        38,
        48,
        51,
        53,
        52,
        42,
        61,
        72
    ],
    "processingTimes": [
        8,
        2,
        13,
        6,
        7,
        5,
        11,
        9,
        14,
        12,
        13,
        11,
        6,
        15,
        10
    ],
    "powerConsumptions": [
        1.715979931849075,
        39.51792573832675,
        4.364406878022276,
        4.9743996625235529,
        2.572762808791052,
        14.716302934115305,
        3.050915155713739,
        4.894773064602753,
        2.2096203463793127,
        4.3545720374583569,
        7.534726864350593,
        1.189261720438339,
        2.1412485405519017,
        4.2161958724965509,
        3.966209835996124
    ],
    "maxDeviation": 3,
    "numMeteringIntervals": 45,
    "lengthMeteringInterval": 15,
    "maxEnergyConsumptions": [
        100.0,
        100.0,
        100.0,
        100.0,
        100.0,
        100.0,
        100.0,
        100.0,
        100.0,
        100.0,
        100.0,
        100.0,
        100.0,
        100.0,
        100.0,
        100.0,
        100.0,
        100.0,
        100.0,
        100.0,
        100.0,
        100.0,
        100.0,
        100.0,
        100.0,
        100.0,
        100.0,
        100.0,
        100.0,
        100.0,
        100.0,
        100.0,
        100.0,
        100.0,
        100.0,
        100.0,
        100.0,
        100.0,
        100.0,
        100.0,
        100.0,
        100.0,
        100.0,
        100.0,
        100.0
    ],
    "metadata": {}
}