{
    "numOperations": 10,
    "releaseTimes": [
        0,
        2,
        3,
        7,
        10,
        10,
        10,
        12,
        13,
        21
    ],
    "dueDates": [
        29,
        21,
        22,
        33,
        40,
        37,
        21,
        27,
        26,
        40
    ],
    "processingTimes": [
        11,
        13,
        1,
        10,
        10,
        7,
        2,
        11,
        1,
        7
    ],
    "powerConsumptions": [
        6.843292995615929,
        2.398417676220073,
        31.397164275623245,
        8.400702634833497,
        8.810996689010008,
        1.9256259002837284,
        26.9470480842865,
        3.8157028176576066,
        24.853876300806804,
        5.418498947481894
    ],
    "maxDeviation": 3,
    "numMeteringIntervals": 30,
    "lengthMeteringInterval": 15,
    "maxEnergyConsumptions": [
        100.0,
        100.0,
        100.0,
        100.0,
        100.0,
        100.0,
        100.0,
        100.0,
        100.0,
        100.0,
        100.0,
        100.0,
        100.0,
        100.0,
        100.0,
        100.0,
        100.0,
        100.0,
        100.0,
        100.0,
        100.0,
        100.0,
        100.0,
        100.0,
        100.0,
        100.0,
        100.0,
        100.0,
        100.0,
        100.0
    ],
    "metadata": {}
}