{
    "numOperations": 10,
    "releaseTimes": [
        0,
        12,
        19,
        20,
        27,
        29,
        29,
        33,
        34,
        39
    ],
    "dueDates": [
        20,
        21,
        44,
        34,
        44,
        54,
        36,
        48,
        47,
        56
    ],
    "processingTimes": [
        9,
        1,
        14,
        12,
        8,
        7,
        7,
        3,
        11,
        1
    ],
    "powerConsumptions": [
        6.607934329442764,
        73.61373763214695,
        5.3489524281004618,
        6.123069668916751,
        5.549746497649383,
        3.798876205851665,
        5.338947337834706,
        24.340382967743058,
        4.920309428324421,
        26.131402651923126
    ],
    "maxDeviation": 3,
    "numMeteringIntervals": 30,
    "lengthMeteringInterval": 15,
    "maxEnergyConsumptions": [
        100.0,
        100.0,
        100.0,
        100.0,
        100.0,
        100.0,
        100.0,
        100.0,
        100.0,
        100.0,
        100.0,
        100.0,
        100.0,
        100.0,
        100.0,
        100.0,
        100.0,
        100.0,
        100.0,
        100.0,
        100.0,
        100.0,
        100.0,
        100.0,
        100.0,
        100.0,
        100.0,
        100.0,
        100.0,
        100.0
    ],
    "metadata": {}
}