{
    "numOperations": 10,
    "releaseTimes": [
        7,
        7,
        7,
        15,
        15,
        16,
        16,
        22,
        28,
        28
    ],
    "dueDates": [
        26,
        24,
        8,
        29,
        41,
        29,
        37,
        50,
        47,
        53
    ],
    "processingTimes": [
        7,
        4,
        1,
        8,
        14,
        6,
        7,
        11,
        3,
        9
    ],
    "powerConsumptions": [
        3.0968208860570378,
        9.614004429289209,
        19.368789507554518,
        11.192873964338322,
        4.675100028979334,
        14.83982845362933,
        6.275220612851233,
        7.485598957255544,
        22.76951675640035,
        1.7417893612113967
    ],
    "maxDeviation": 3,
    "numMeteringIntervals": 30,
    "lengthMeteringInterval": 15,
    "maxEnergyConsumptions": [
        100.0,
        100.0,
        100.0,
        100.0,
        100.0,
        100.0,
        100.0,
        100.0,
        100.0,
        100.0,
        100.0,
        100.0,
        100.0,
        100.0,
        100.0,
        100.0,
        100.0,
        100.0,
        100.0,
        100.0,
        100.0,
        100.0,
        100.0,
        100.0,
        100.0,
        100.0,
        100.0,
        100.0,
        100.0,
        100.0
    ],
    "metadata": {}
}