{
    "numOperations": 10,
    "releaseTimes": [
        0,
        1,
        2,
        3,
        5,
        7,
        29,
        35,
        50,
        58
    ],
    "dueDates": [
        23,
        30,
        28,
        13,
        40,
        18,
        53,
        38,
        72,
        83
    ],
    "processingTimes": [
        15,
        9,
        15,
        5,
        13,
        4,
        8,
        3,
        14,
        11
    ],
    "powerConsumptions": [
        6.472671454099204,
        9.965960688797115,
        5.882352949045037,
        5.453181132219907,
        2.332251243103996,
        20.9037876738162,
        7.366776271822509,
        8.825053439199442,
        6.459147736193215,
        3.1957058809549117
    ],
    "maxDeviation": 3,
    "numMeteringIntervals": 30,
    "lengthMeteringInterval": 15,
    "maxEnergyConsumptions": [
        100.0,
        100.0,
        100.0,
        100.0,
        100.0,
        100.0,
        100.0,
        100.0,
        100.0,
        100.0,
        100.0,
        100.0,
        100.0,
        100.0,
        100.0,
        100.0,
        100.0,
        100.0,
        100.0,
        100.0,
        100.0,
        100.0,
        100.0,
        100.0,
        100.0,
        100.0,
        100.0,
        100.0,
        100.0,
        100.0
    ],
    "metadata": {}
}