{
    "numOperations": 10,
    "releaseTimes": [
        1,
        2,
        3,
        6,
        14,
        18,
        19,
        20,
        20,
        20
    ],
    "dueDates": [
        10,
        16,
        11,
        25,
        31,
        28,
        25,
        39,
        33,
        39
    ],
    "processingTimes": [
        3,
        6,
        3,
        11,
        2,
        1,
        6,
        4,
        5,
        9
    ],
    "powerConsumptions": [
        9.072522696557508,
        4.241882549953462,
        31.196980860876285,
        4.160433800827596,
        13.81620899629429,
        82.11924744876457,
        14.03055805996667,
        15.345901754021485,
        3.5163029282769395,
        2.202571366197693
    ],
    "maxDeviation": 3,
    "numMeteringIntervals": 30,
    "lengthMeteringInterval": 15,
    "maxEnergyConsumptions": [
        100.0,
        100.0,
        100.0,
        100.0,
        100.0,
        100.0,
        100.0,
        100.0,
        100.0,
        100.0,
        100.0,
        100.0,
        100.0,
        100.0,
        100.0,
        100.0,
        100.0,
        100.0,
        100.0,
        100.0,
        100.0,
        100.0,
        100.0,
        100.0,
        100.0,
        100.0,
        100.0,
        100.0,
        100.0,
        100.0
    ],
    "metadata": {}
}