{
    "numOperations": 10,
    "releaseTimes": [
        3,
        3,
        6,
        6,
        6,
        11,
        22,
        25,
        29,
        34
    ],
    "dueDates": [
        12,
        11,
        20,
        13,
        20,
        17,
        28,
        42,
        48,
        52
    ],
    "processingTimes": [
        1,
        2,
        12,
        7,
        8,
        4,
        1,
        11,
        11,
        15
    ],
    "powerConsumptions": [
        98.42952576889309,
        38.901012584251237,
        1.3784774544850665,
        12.80337737048939,
        6.159628312050945,
        13.248964715164183,
        34.741615606883048,
        2.2714225470471596,
        8.253551436899937,
        1.0300526318677486
    ],
    "maxDeviation": 3,
    "numMeteringIntervals": 30,
    "lengthMeteringInterval": 15,
    "maxEnergyConsumptions": [
        100.0,
        100.0,
        100.0,
        100.0,
        100.0,
        100.0,
        100.0,
        100.0,
        100.0,
        100.0,
        100.0,
        100.0,
        100.0,
        100.0,
        100.0,
        100.0,
        100.0,
        100.0,
        100.0,
        100.0,
        100.0,
        100.0,
        100.0,
        100.0,
        100.0,
        100.0,
        100.0,
        100.0,
        100.0,
        100.0
    ],
    "metadata": {}
}