{
    "numOperations": 10,
    "releaseTimes": [
        3,
        7,
        12,
        12,
        20,
        23,
        24,
        27,
        31,
        33
    ],
    "dueDates": [
        16,
        22,
        26,
        26,
        25,
        35,
        30,
        32,
        45,
        37
    ],
    "processingTimes": [
        11,
        12,
        11,
        10,
        1,
        9,
        4,
        5,
        11,
        2
    ],
    "powerConsumptions": [
        6.441938448366423,
        6.29789606153514,
        8.63888673674504,
        9.461468082884892,
        51.43907555929318,
        7.724666078864033,
        16.12689333678923,
        4.707090009549273,
        3.722143662678417,
        28.526347103263089
    ],
    "maxDeviation": 3,
    "numMeteringIntervals": 30,
    "lengthMeteringInterval": 15,
    "maxEnergyConsumptions": [
        100.0,
        100.0,
        100.0,
        100.0,
        100.0,
        100.0,
        100.0,
        100.0,
        100.0,
        100.0,
        100.0,
        100.0,
        100.0,
        100.0,
        100.0,
        100.0,
        100.0,
        100.0,
        100.0,
        100.0,
        100.0,
        100.0,
        100.0,
        100.0,
        100.0,
        100.0,
        100.0,
        100.0,
        100.0,
        100.0
    ],
    "metadata": {}
}