{
    "numOperations": 10,
    "releaseTimes": [
        3,
        3,
        9,
        12,
        19,
        25,
        32,
        32,
        32,
        44
    ],
    "dueDates": [
        23,
        11,
        18,
        22,
        33,
        44,
        36,
        52,
        39,
        59
    ],
    "processingTimes": [
        13,
        1,
        5,
        10,
        9,
        14,
        4,
        15,
        4,
        13
    ],
    "powerConsumptions": [
        5.1090402570751689,
        73.83878620667028,
        7.045200616021782,
        4.347187179623993,
        4.212800494994324,
        1.3815539689310424,
        19.95730739977966,
        0.9983394086923402,
        6.106163178943848,
        2.825537684610068
    ],
    "maxDeviation": 3,
    "numMeteringIntervals": 30,
    "lengthMeteringInterval": 15,
    "maxEnergyConsumptions": [
        100.0,
        100.0,
        100.0,
        100.0,
        100.0,
        100.0,
        100.0,
        100.0,
        100.0,
        100.0,
        100.0,
        100.0,
        100.0,
        100.0,
        100.0,
        100.0,
        100.0,
        100.0,
        100.0,
        100.0,
        100.0,
        100.0,
        100.0,
        100.0,
        100.0,
        100.0,
        100.0,
        100.0,
        100.0,
        100.0
    ],
    "metadata": {}
}