{
    "numOperations": 10,
    "releaseTimes": [
        1,
        19,
        19,
        19,
        21,
        26,
        29,
        29,
        29,
        33
    ],
    "dueDates": [
        7,
        28,
        30,
        35,
        31,
        36,
        42,
        44,
        42,
        45
    ],
    "processingTimes": [
        1,
        8,
        7,
        8,
        7,
        3,
        5,
        13,
        11,
        9
    ],
    "powerConsumptions": [
        90.81228138636746,
        9.806944554958254,
        7.238087241928378,
        8.736913870293439,
        4.122943929277667,
        19.742578427724273,
        5.167536642609399,
        3.759365033848563,
        6.533391269565652,
        9.473176702251403
    ],
    "maxDeviation": 3,
    "numMeteringIntervals": 30,
    "lengthMeteringInterval": 15,
    "maxEnergyConsumptions": [
        100.0,
        100.0,
        100.0,
        100.0,
        100.0,
        100.0,
        100.0,
        100.0,
        100.0,
        100.0,
        100.0,
        100.0,
        100.0,
        100.0,
        100.0,
        100.0,
        100.0,
        100.0,
        100.0,
        100.0,
        100.0,
        100.0,
        100.0,
        100.0,
        100.0,
        100.0,
        100.0,
        100.0,
        100.0,
        100.0
    ],
    "metadata": {}
}