{
    "numOperations": 10,
    "releaseTimes": [
        0,
        7,
        9,
        15,
        20,
        24,
        27,
        39,
        53,
        60
    ],
    "dueDates": [
        17,
        28,
        24,
        30,
        45,
        36,
        40,
        58,
        74,
        88
    ],
    "processingTimes": [
        10,
        9,
        4,
        11,
        10,
        10,
        7,
        2,
        7,
        11
    ],
    "powerConsumptions": [
        3.5145688878192065,
        2.804190900076848,
        13.709604984615578,
        1.4731007438378277,
        2.0759560421093257,
        7.260325938050575,
        10.273227333543929,
        18.814931970597699,
        6.42488823904733,
        8.593297811171248
    ],
    "maxDeviation": 0,
    "numMeteringIntervals": 30,
    "lengthMeteringInterval": 15,
    "maxEnergyConsumptions": [
        100.0,
        100.0,
        100.0,
        100.0,
        100.0,
        100.0,
        100.0,
        100.0,
        100.0,
        100.0,
        100.0,
        100.0,
        100.0,
        100.0,
        100.0,
        100.0,
        100.0,
        100.0,
        100.0,
        100.0,
        100.0,
        100.0,
        100.0,
        100.0,
        100.0,
        100.0,
        100.0,
        100.0,
        100.0,
        100.0
    ],
    "metadata": {}
}