{
    "numOperations": 10,
    "releaseTimes": [
        1,
        1,
        2,
        10,
        26,
        39,
        56,
        62,
        62,
        63
    ],
    "dueDates": [
        5,
        14,
        24,
        40,
        40,
        58,
        63,
        70,
        72,
        84
    ],
    "processingTimes": [
        3,
        6,
        14,
        12,
        3,
        1,
        3,
        8,
        6,
        9
    ],
    "powerConsumptions": [
        14.012119162625809,
        5.514895175679844,
        3.522364744373917,
        3.529914959027176,
        8.537725467637655,
        21.701534797464896,
        19.305579999699096,
        3.2151475896879404,
        2.555209618414697,
        5.600971438470084
    ],
    "maxDeviation": 0,
    "numMeteringIntervals": 30,
    "lengthMeteringInterval": 15,
    "maxEnergyConsumptions": [
        100.0,
        100.0,
        100.0,
        100.0,
        100.0,
        100.0,
        100.0,
        100.0,
        100.0,
        100.0,
        100.0,
        100.0,
        100.0,
        100.0,
        100.0,
        100.0,
        100.0,
        100.0,
        100.0,
        100.0,
        100.0,
        100.0,
        100.0,
        100.0,
        100.0,
        100.0,
        100.0,
        100.0,
        100.0,
        100.0
    ],
    "metadata": {}
}