{
    "numOperations": 15,
    "releaseTimes": [
        7,
        9,
        12,
        20,
        27,
        27,
        32,
        36,
        51,
        53,
        64,
        74,
        76,
        76,
        76
    ],
    "dueDates": [
        27,
        22,
        33,
        26,
        39,
        38,
        47,
        54,
        73,
        73,
        71,
        100,
        102,
        79,
        92
    ],
    "processingTimes": [
        11,
        10,
        9,
        4,
        5,
        6,
        3,
        11,
        15,
        8,
        4,
        13,
        15,
        1,
        10
    ],
    "powerConsumptions": [
        6.124786414202446,
        5.369339825097695,
        5.01059336252176,
        22.359867810302267,
        9.415195065862032,
        14.364377769198433,
        11.884242006560174,
        5.948333438241594,
        6.176752586083604,
        8.890779423088718,
        24.80931529159571,
        5.721951424696517,
        5.355563555395707,
        56.73752689632812,
        5.280297310241535
    ],
    "maxDeviation": 0,
    "numMeteringIntervals": 45,
    "lengthMeteringInterval": 15,
    "maxEnergyConsumptions": [
        100.0,
        100.0,
        100.0,
        100.0,
        100.0,
        100.0,
        100.0,
        100.0,
        100.0,
        100.0,
        100.0,
        100.0,
        100.0,
        100.0,
        100.0,
        100.0,
        100.0,
        100.0,
        100.0,
        100.0,
        100.0,
        100.0,
        100.0,
        100.0,
        100.0,
        100.0,
        100.0,
        100.0,
        100.0,
        100.0,
        100.0,
        100.0,
        100.0,
        100.0,
        100.0,
        100.0,
        100.0,
        100.0,
        100.0,
        100.0,
        100.0,
        100.0,
        100.0,
        100.0,
        100.0
    ],
    "metadata": {}
}