{
    "numOperations": 15,
    "releaseTimes": [
        2,
        16,
        16,
        20,
        21,
        30,
        42,
        45,
        45,
        45,
        55,
        57,
        62,
        62,
        67
    ],
    "dueDates": [
        24,
        34,
        31,
        24,
        35,
        33,
        49,
        55,
        48,
        60,
        59,
        70,
        69,
        87,
        80
    ],
    "processingTimes": [
        15,
        11,
        9,
        3,
        6,
        2,
        4,
        4,
        1,
        7,
        2,
        9,
        5,
        15,
        4
    ],
    "powerConsumptions": [
        6.272168563466601,
        7.568794493206553,
        5.589320820892194,
        14.48483838611969,
        13.01655721511031,
        35.84803050594748,
        23.592723977570313,
        17.32135844768704,
        71.99188964640232,
        6.22120393205874,
        16.807604272768864,
        7.0910849819813299,
        19.668110630984328,
        3.8864374274471755,
        22.72062068829227
    ],
    "maxDeviation": 0,
    "numMeteringIntervals": 45,
    "lengthMeteringInterval": 15,
    "maxEnergyConsumptions": [
        100.0,
        100.0,
        100.0,
        100.0,
        100.0,
        100.0,
        100.0,
        100.0,
        100.0,
        100.0,
        100.0,
        100.0,
        100.0,
        100.0,
        100.0,
        100.0,
        100.0,
        100.0,
        100.0,
        100.0,
        100.0,
        100.0,
        100.0,
        100.0,
        100.0,
        100.0,
        100.0,
        100.0,
        100.0,
        100.0,
        100.0,
        100.0,
        100.0,
        100.0,
        100.0,
        100.0,
        100.0,
        100.0,
        100.0,
        100.0,
        100.0,
        100.0,
        100.0,
        100.0,
        100.0
    ],
    "metadata": {}
}