{
    "numOperations": 15,
    "releaseTimes": [
        15,
        17,
        25,
        38,
        39,
        40,
        57,
        57,
        58,
        61,
        73,
        76,
        82,
        84,
        103
    ],
    "dueDates": [
        38,
        33,
        38,
        58,
        41,
        63,
        66,
        58,
        65,
        78,
        90,
        86,
        89,
        101,
        114
    ],
    "processingTimes": [
        14,
        4,
        5,
        14,
        1,
        15,
        8,
        1,
        3,
        15,
        13,
        4,
        6,
        8,
        7
    ],
    "powerConsumptions": [
        6.502167410842509,
        18.21897910474089,
        7.31358691478736,
        2.7042173874629227,
        97.55652788190909,
        4.435574344844583,
        11.775488809733542,
        33.13322080829623,
        14.495445320229841,
        2.8927180056655876,
        4.682000793817712,
        8.670217515248505,
        6.00886921735865,
        5.0785171629189229,
        10.786968516060913
    ],
    "maxDeviation": 0,
    "numMeteringIntervals": 45,
    "lengthMeteringInterval": 15,
    "maxEnergyConsumptions": [
        100.0,
        100.0,
        100.0,
        100.0,
        100.0,
        100.0,
        100.0,
        100.0,
        100.0,
        100.0,
        100.0,
        100.0,
        100.0,
        100.0,
        100.0,
        100.0,
        100.0,
        100.0,
        100.0,
        100.0,
        100.0,
        100.0,
        100.0,
        100.0,
        100.0,
        100.0,
        100.0,
        100.0,
        100.0,
        100.0,
        100.0,
        100.0,
        100.0,
        100.0,
        100.0,
        100.0,
        100.0,
        100.0,
        100.0,
        100.0,
        100.0,
        100.0,
        100.0,
        100.0,
        100.0
    ],
    "metadata": {}
}