{
    "numOperations": 15,
    "releaseTimes": [
        2,
        7,
        7,
        21,
        26,
        31,
        31,
        31,
        43,
        46,
        49,
        60,
        74,
        76,
        81
    ],
    "dueDates": [
        22,
        30,
        22,
        33,
        47,
        45,
        48,
        40,
        71,
        62,
        62,
        82,
        91,
        88,
        90
    ],
    "processingTimes": [
        10,
        11,
        12,
        2,
        13,
        1,
        12,
        7,
        15,
        4,
        12,
        10,
        14,
        2,
        2
    ],
    "powerConsumptions": [
        8.859520490986128,
        2.9375034508986954,
        7.368224966869962,
        32.88274233569743,
        3.817280090691602,
        87.50069982202069,
        3.6228795804087476,
        9.694018648841649,
        2.9004938499572057,
        14.496998767715189,
        5.082851383921296,
        7.031956652199732,
        2.873356535279337,
        34.96164776731578,
        43.195987260810088
    ],
    "maxDeviation": 0,
    "numMeteringIntervals": 45,
    "lengthMeteringInterval": 15,
    "maxEnergyConsumptions": [
        100.0,
        100.0,
        100.0,
        100.0,
        100.0,
        100.0,
        100.0,
        100.0,
        100.0,
        100.0,
        100.0,
        100.0,
        100.0,
        100.0,
        100.0,
        100.0,
        100.0,
        100.0,
        100.0,
        100.0,
        100.0,
        100.0,
        100.0,
        100.0,
        100.0,
        100.0,
        100.0,
        100.0,
        100.0,
        100.0,
        100.0,
        100.0,
        100.0,
        100.0,
        100.0,
        100.0,
        100.0,
        100.0,
        100.0,
        100.0,
        100.0,
        100.0,
        100.0,
        100.0,
        100.0
    ],
    "metadata": {}
}