{
    "numOperations": 5,
    "releaseTimes": [
        1,
        3,
        6,
        11,
        11
    ],
    "dueDates": [
        8,
        9,
        18,
        24,
        26
    ],
    "processingTimes": [
        3,
        2,
        6,
        7,
        11
    ],
    "powerConsumptions": [
        10.275354459750253,
        28.166501933316025,
        16.348933809978843,
        6.899621179711717,
        6.389373480515812
    ],
    "maxDeviation": 3,
    "numMeteringIntervals": 15,
    "lengthMeteringInterval": 15,
    "maxEnergyConsumptions": [
        100.0,
        100.0,
        100.0,
        100.0,
        100.0,
        100.0,
        100.0,
        100.0,
        100.0,
        100.0,
        100.0,
        100.0,
        100.0,
        100.0,
        100.0
    ],
    "metadata": {}
}