{
    "numOperations": 5,
    "releaseTimes": [
        18,
        25,
        25,
        27,
        28
    ],
    "dueDates": [
        34,
        37,
        32,
        43,
        48
    ],
    "processingTimes": [
        6,
        11,
        2,
        7,
        14
    ],
    "powerConsumptions": [
        10.970157097882316,
        2.8352885166250285,
        30.187810831793244,
        13.654386717442615,
        6.037493989203947
    ],
    "maxDeviation": 5,
    "numMeteringIntervals": 15,
    "lengthMeteringInterval": 15,
    "maxEnergyConsumptions": [
        100.0,
        100.0,
        100.0,
        100.0,
        100.0,
        100.0,
        100.0,
        100.0,
        100.0,
        100.0,
        100.0,
        100.0,
        100.0,
        100.0,
        100.0
    ],
    "metadata": {}
}