{
    "numOperations": 5,
    "releaseTimes": [
        8,
        9,
        16,
        16,
        17
    ],
    "dueDates": [
        16,
        16,
        25,
        21,
        33
    ],
    "processingTimes": [
        6,
        5,
        9,
        3,
        15
    ],
    "powerConsumptions": [
        11.385944699538215,
        17.253486970809325,
        9.851054556155394,
        31.100638154377056,
        4.734811493112419
    ],
    "maxDeviation": 5,
    "numMeteringIntervals": 15,
    "lengthMeteringInterval": 15,
    "maxEnergyConsumptions": [
        100.0,
        100.0,
        100.0,
        100.0,
        100.0,
        100.0,
        100.0,
        100.0,
        100.0,
        100.0,
        100.0,
        100.0,
        100.0,
        100.0,
        100.0
    ],
    "metadata": {}
}