{
    "numOperations": 15,
    "releaseTimes": [
        3,
        8,
        12,
        22,
        25,
        29,
        31,
        36,
        36,
        39,
        49,
        63,
        63,
        66,
        67
    ],
    "dueDates": [
        50,
        31,
        42,
        44,
        41,
        35,
        51,
        45,
        63,
        80,
        70,
        84,
        106,
        113,
        98
    ],
    "processingTimes": [
        13,
        14,
        7,
        11,
        1,
        1,
        8,
        1,
        8,
        6,
        15,
        15,
        5,
        10,
        12
    ],
    "powerConsumptions": [
        4.327628782943023,
        6.117959640495856,
        9.296519996054105,
        4.898365376773078,
        77.07581398973594,
        95.71191922511412,
        8.026126490361312,
        81.69442141626601,
        10.306199948713184,
        11.890655660777354,
        4.071734144031074,
        6.297175235222147,
        17.72449176540669,
        6.916204102616258,
        5.052569012921506
    ],
    "maxDeviation": 0,
    "numMeteringIntervals": 45,
    "lengthMeteringInterval": 15,
    "maxEnergyConsumptions": [
        100.0,
        100.0,
        100.0,
        100.0,
        100.0,
        100.0,
        100.0,
        100.0,
        100.0,
        100.0,
        100.0,
        100.0,
        100.0,
        100.0,
        100.0,
        100.0,
        100.0,
        100.0,
        100.0,
        100.0,
        100.0,
        100.0,
        100.0,
        100.0,
        100.0,
        100.0,
        100.0,
        100.0,
        100.0,
        100.0,
        100.0,
        100.0,
        100.0,
        100.0,
        100.0,
        100.0,
        100.0,
        100.0,
        100.0,
        100.0,
        100.0,
        100.0,
        100.0,
        100.0,
        100.0
    ],
    "metadata": {}
}