{
    "numOperations": 15,
    "releaseTimes": [
        1,
        3,
        8,
        13,
        15,
        15,
        15,
        23,
        23,
        24,
        34,
        38,
        39,
        52,
        54
    ],
    "dueDates": [
        24,
        34,
        30,
        42,
        48,
        32,
        55,
        60,
        44,
        72,
        64,
        60,
        49,
        70,
        73
    ],
    "processingTimes": [
        7,
        11,
        3,
        11,
        13,
        11,
        4,
        10,
        12,
        10,
        15,
        6,
        3,
        7,
        10
    ],
    "powerConsumptions": [
        12.094807738822823,
        8.144335161776486,
        25.408437538069689,
        5.808703453052313,
        7.632426466008774,
        5.279592119099812,
        21.604560018515785,
        8.15407846329931,
        7.5969211985470939,
        8.66931005384965,
        3.9555212985601986,
        10.209911978587526,
        24.910820568509548,
        10.997818658690717,
        9.777422651085806
    ],
    "maxDeviation": 0,
    "numMeteringIntervals": 45,
    "lengthMeteringInterval": 15,
    "maxEnergyConsumptions": [
        100.0,
        100.0,
        100.0,
        100.0,
        100.0,
        100.0,
        100.0,
        100.0,
        100.0,
        100.0,
        100.0,
        100.0,
        100.0,
        100.0,
        100.0,
        100.0,
        100.0,
        100.0,
        100.0,
        100.0,
        100.0,
        100.0,
        100.0,
        100.0,
        100.0,
        100.0,
        100.0,
        100.0,
        100.0,
        100.0,
        100.0,
        100.0,
        100.0,
        100.0,
        100.0,
        100.0,
        100.0,
        100.0,
        100.0,
        100.0,
        100.0,
        100.0,
        100.0,
        100.0,
        100.0
    ],
    "metadata": {}
}