{
    "numOperations": 15,
    "releaseTimes": [
        0,
        3,
        7,
        23,
        23,
        30,
        52,
        54,
        71,
        76,
        77,
        77,
        77,
        88,
        96
    ],
    "dueDates": [
        29,
        20,
        63,
        66,
        55,
        49,
        62,
        107,
        124,
        105,
        87,
        90,
        118,
        114,
        142
    ],
    "processingTimes": [
        9,
        10,
        14,
        11,
        11,
        15,
        4,
        11,
        11,
        2,
        7,
        11,
        11,
        15,
        5
    ],
    "powerConsumptions": [
        10.100205583609629,
        8.47294932728895,
        4.070913429524312,
        7.685250731644967,
        4.8105425955698639,
        6.3570672444190718,
        22.78098836316326,
        7.836248441712882,
        6.993898687798228,
        26.989201833252879,
        10.132056674712436,
        6.940726257650343,
        5.111252967060623,
        3.4682424601528227,
        18.752319007067848
    ],
    "maxDeviation": 0,
    "numMeteringIntervals": 45,
    "lengthMeteringInterval": 15,
    "maxEnergyConsumptions": [
        100.0,
        100.0,
        100.0,
        100.0,
        100.0,
        100.0,
        100.0,
        100.0,
        100.0,
        100.0,
        100.0,
        100.0,
        100.0,
        100.0,
        100.0,
        100.0,
        100.0,
        100.0,
        100.0,
        100.0,
        100.0,
        100.0,
        100.0,
        100.0,
        100.0,
        100.0,
        100.0,
        100.0,
        100.0,
        100.0,
        100.0,
        100.0,
        100.0,
        100.0,
        100.0,
        100.0,
        100.0,
        100.0,
        100.0,
        100.0,
        100.0,
        100.0,
        100.0,
        100.0,
        100.0
    ],
    "metadata": {}
}