{
    "numOperations": 15,
    "releaseTimes": [
        2,
        2,
        3,
        5,
        8,
        10,
        18,
        19,
        20,
        24,
        26,
        26,
        26,
        33,
        35
    ],
    "dueDates": [
        23,
        16,
        20,
        21,
        29,
        29,
        44,
        58,
        35,
        41,
        54,
        47,
        64,
        75,
        56
    ],
    "processingTimes": [
        1,
        2,
        8,
        13,
        6,
        5,
        6,
        13,
        3,
        2,
        3,
        4,
        10,
        12,
        11
    ],
    "powerConsumptions": [
        80.104293553043,
        33.047961232963377,
        7.40190276367354,
        4.778874484768025,
        13.55403638473662,
        12.691234694146484,
        9.069435392874363,
        6.177336211839796,
        32.79800770325497,
        36.34054337248864,
        26.124566996434777,
        13.67878177392098,
        5.285238225611207,
        7.336606320694831,
        5.759293988296823
    ],
    "maxDeviation": 0,
    "numMeteringIntervals": 45,
    "lengthMeteringInterval": 15,
    "maxEnergyConsumptions": [
        100.0,
        100.0,
        100.0,
        100.0,
        100.0,
        100.0,
        100.0,
        100.0,
        100.0,
        100.0,
        100.0,
        100.0,
        100.0,
        100.0,
        100.0,
        100.0,
        100.0,
        100.0,
        100.0,
        100.0,
        100.0,
        100.0,
        100.0,
        100.0,
        100.0,
        100.0,
        100.0,
        100.0,
        100.0,
        100.0,
        100.0,
        100.0,
        100.0,
        100.0,
        100.0,
        100.0,
        100.0,
        100.0,
        100.0,
        100.0,
        100.0,
        100.0,
        100.0,
        100.0,
        100.0
    ],
    "metadata": {}
}