{
    "numOperations": 15,
    "releaseTimes": [
        0,
        17,
        31,
        48,
        55,
        58,
        59,
        63,
        65,
        68,
        87,
        96,
        96,
        98,
        100
    ],
    "dueDates": [
        46,
        58,
        47,
        76,
        73,
        76,
        96,
        80,
        79,
        110,
        106,
        128,
        119,
        133,
        112
    ],
    "processingTimes": [
        15,
        14,
        2,
        14,
        8,
        13,
        3,
        3,
        10,
        3,
        11,
        10,
        14,
        13,
        4
    ],
    "powerConsumptions": [
        1.063109143276432,
        7.021798825481555,
        28.733914583026288,
        3.0583320547240544,
        4.3622832977685939,
        3.896908941194522,
        18.2197566033729,
        31.319571718925116,
        5.011920586897223,
        11.443717304641249,
        2.138266430520561,
        8.797078792575027,
        6.734666168210853,
        7.128785293722241,
        3.28768355675607
    ],
    "maxDeviation": 3,
    "numMeteringIntervals": 45,
    "lengthMeteringInterval": 15,
    "maxEnergyConsumptions": [
        100.0,
        100.0,
        100.0,
        100.0,
        100.0,
        100.0,
        100.0,
        100.0,
        100.0,
        100.0,
        100.0,
        100.0,
        100.0,
        100.0,
        100.0,
        100.0,
        100.0,
        100.0,
        100.0,
        100.0,
        100.0,
        100.0,
        100.0,
        100.0,
        100.0,
        100.0,
        100.0,
        100.0,
        100.0,
        100.0,
        100.0,
        100.0,
        100.0,
        100.0,
        100.0,
        100.0,
        100.0,
        100.0,
        100.0,
        100.0,
        100.0,
        100.0,
        100.0,
        100.0,
        100.0
    ],
    "metadata": {}
}