{
    "numOperations": 15,
    "releaseTimes": [
        8,
        11,
        11,
        18,
        29,
        29,
        32,
        32,
        32,
        32,
        34,
        34,
        36,
        49,
        52
    ],
    "dueDates": [
        34,
        55,
        46,
        41,
        44,
        45,
        43,
        77,
        46,
        47,
        61,
        56,
        61,
        58,
        79
    ],
    "processingTimes": [
        14,
        10,
        11,
        3,
        1,
        8,
        6,
        11,
        13,
        7,
        4,
        14,
        4,
        3,
        12
    ],
    "powerConsumptions": [
        4.785081992009175,
        7.266338325364023,
        2.9193925738041988,
        28.275552928788387,
        68.12737719524125,
        9.457010222141435,
        6.690082930497742,
        8.805133883886026,
        4.867649777695521,
        1.7731958303395612,
        14.960543442797015,
        2.5798555553242328,
        13.693696067715296,
        12.399070024520432,
        0.8883631922006066
    ],
    "maxDeviation": 3,
    "numMeteringIntervals": 45,
    "lengthMeteringInterval": 15,
    "maxEnergyConsumptions": [
        100.0,
        100.0,
        100.0,
        100.0,
        100.0,
        100.0,
        100.0,
        100.0,
        100.0,
        100.0,
        100.0,
        100.0,
        100.0,
        100.0,
        100.0,
        100.0,
        100.0,
        100.0,
        100.0,
        100.0,
        100.0,
        100.0,
        100.0,
        100.0,
        100.0,
        100.0,
        100.0,
        100.0,
        100.0,
        100.0,
        100.0,
        100.0,
        100.0,
        100.0,
        100.0,
        100.0,
        100.0,
        100.0,
        100.0,
        100.0,
        100.0,
        100.0,
        100.0,
        100.0,
        100.0
    ],
    "metadata": {}
}