{
    "numOperations": 15,
    "releaseTimes": [
        0,
        9,
        25,
        26,
        26,
        30,
        30,
        50,
        50,
        50,
        60,
        62,
        62,
        70,
        70
    ],
    "dueDates": [
        26,
        34,
        71,
        71,
        51,
        45,
        58,
        71,
        84,
        83,
        100,
        91,
        99,
        89,
        106
    ],
    "processingTimes": [
        4,
        15,
        9,
        14,
        9,
        12,
        10,
        4,
        4,
        7,
        8,
        2,
        12,
        7,
        14
    ],
    "powerConsumptions": [
        17.898365517827508,
        5.162653681704035,
        7.085032697887937,
        6.017249135825525,
        3.2017071909539069,
        7.5897211128220489,
        3.7522744969631547,
        9.850650722344869,
        12.969026080483913,
        3.2386909942160528,
        10.476415517412822,
        17.465666841433259,
        7.367523118455648,
        11.569049130426644,
        2.220078652166596
    ],
    "maxDeviation": 3,
    "numMeteringIntervals": 45,
    "lengthMeteringInterval": 15,
    "maxEnergyConsumptions": [
        100.0,
        100.0,
        100.0,
        100.0,
        100.0,
        100.0,
        100.0,
        100.0,
        100.0,
        100.0,
        100.0,
        100.0,
        100.0,
        100.0,
        100.0,
        100.0,
        100.0,
        100.0,
        100.0,
        100.0,
        100.0,
        100.0,
        100.0,
        100.0,
        100.0,
        100.0,
        100.0,
        100.0,
        100.0,
        100.0,
        100.0,
        100.0,
        100.0,
        100.0,
        100.0,
        100.0,
        100.0,
        100.0,
        100.0,
        100.0,
        100.0,
        100.0,
        100.0,
        100.0,
        100.0
    ],
    "metadata": {}
}