{
    "numOperations": 15,
    "releaseTimes": [
        8,
        10,
        15,
        16,
        21,
        51,
        58,
        67,
        68,
        71,
        80,
        81,
        87,
        95,
        97
    ],
    "dueDates": [
        65,
        43,
        44,
        36,
        68,
        82,
        94,
        78,
        105,
        129,
        132,
        138,
        97,
        109,
        150
    ],
    "processingTimes": [
        14,
        9,
        12,
        14,
        5,
        14,
        3,
        4,
        12,
        13,
        13,
        13,
        2,
        7,
        14
    ],
    "powerConsumptions": [
        2.1619510655723754,
        10.291860205432587,
        4.935311925601263,
        2.5200013860930654,
        16.33324971744967,
        2.5927299296761454,
        9.92948832979802,
        23.473545275921933,
        1.0958258670212005,
        4.465495216396823,
        4.915037461710752,
        3.9745471352420576,
        30.120453951708,
        11.372343012940134,
        3.5890742695783008
    ],
    "maxDeviation": 3,
    "numMeteringIntervals": 45,
    "lengthMeteringInterval": 15,
    "maxEnergyConsumptions": [
        100.0,
        100.0,
        100.0,
        100.0,
        100.0,
        100.0,
        100.0,
        100.0,
        100.0,
        100.0,
        100.0,
        100.0,
        100.0,
        100.0,
        100.0,
        100.0,
        100.0,
        100.0,
        100.0,
        100.0,
        100.0,
        100.0,
        100.0,
        100.0,
        100.0,
        100.0,
        100.0,
        100.0,
        100.0,
        100.0,
        100.0,
        100.0,
        100.0,
        100.0,
        100.0,
        100.0,
        100.0,
        100.0,
        100.0,
        100.0,
        100.0,
        100.0,
        100.0,
        100.0,
        100.0
    ],
    "metadata": {}
}