{
    "numOperations": 10,
    "releaseTimes": [
        2,
        17,
        17,
        20,
        24,
        30,
        32,
        47,
        47,
        47
    ],
    "dueDates": [
        28,
        48,
        41,
        39,
        40,
        41,
        52,
        52,
        54,
        55
    ],
    "processingTimes": [
        7,
        12,
        5,
        10,
        8,
        8,
        14,
        3,
        7,
        5
    ],
    "powerConsumptions": [
        10.599308051284494,
        5.1801521021529839,
        12.577652972151835,
        9.95800487381533,
        1.9771116741183515,
        5.47854396585516,
        2.2472479103276328,
        32.81975207848128,
        3.1528871405909246,
        13.550093300595929
    ],
    "maxDeviation": 5,
    "numMeteringIntervals": 30,
    "lengthMeteringInterval": 15,
    "maxEnergyConsumptions": [
        100.0,
        100.0,
        100.0,
        100.0,
        100.0,
        100.0,
        100.0,
        100.0,
        100.0,
        100.0,
        100.0,
        100.0,
        100.0,
        100.0,
        100.0,
        100.0,
        100.0,
        100.0,
        100.0,
        100.0,
        100.0,
        100.0,
        100.0,
        100.0,
        100.0,
        100.0,
        100.0,
        100.0,
        100.0,
        100.0
    ],
    "metadata": {}
}