{
    "numOperations": 10,
    "releaseTimes": [
        0,
        0,
        0,
        0,
        2,
        3,
        7,
        8,
        8,
        12
    ],
    "dueDates": [
        22,
        12,
        9,
        15,
        37,
        42,
        20,
        37,
        28,
        26
    ],
    "processingTimes": [
        9,
        10,
        9,
        6,
        14,
        14,
        2,
        3,
        13,
        8
    ],
    "powerConsumptions": [
        9.111433561096746,
        6.280795798096365,
        9.22956203314797,
        9.413281115253215,
        4.949849216756074,
        3.179363734708928,
        13.750267744280669,
        20.12200287733103,
        5.6276216439553699,
        4.219813984946664
    ],
    "maxDeviation": 5,
    "numMeteringIntervals": 30,
    "lengthMeteringInterval": 15,
    "maxEnergyConsumptions": [
        100.0,
        100.0,
        100.0,
        100.0,
        100.0,
        100.0,
        100.0,
        100.0,
        100.0,
        100.0,
        100.0,
        100.0,
        100.0,
        100.0,
        100.0,
        100.0,
        100.0,
        100.0,
        100.0,
        100.0,
        100.0,
        100.0,
        100.0,
        100.0,
        100.0,
        100.0,
        100.0,
        100.0,
        100.0,
        100.0
    ],
    "metadata": {}
}