{
    "numOperations": 15,
    "releaseTimes": [
        2,
        26,
        34,
        34,
        36,
        50,
        82,
        98,
        100,
        106,
        106,
        113,
        133,
        147,
        148
    ],
    "dueDates": [
        13,
        41,
        52,
        49,
        57,
        62,
        89,
        102,
        104,
        122,
        126,
        122,
        149,
        158,
        166
    ],
    "processingTimes": [
        1,
        10,
        11,
        13,
        9,
        7,
        7,
        1,
        2,
        8,
        14,
        4,
        14,
        9,
        10
    ],
    "powerConsumptions": [
        42.70184409396977,
        7.865637173746096,
        1.2976598746476802,
        4.403728459172313,
        6.972913615330403,
        4.000578978354399,
        2.832407748045256,
        25.979284365614057,
        39.223858250940278,
        11.835112221313942,
        6.51687371193036,
        23.931121365027413,
        5.099341018997147,
        1.564275104081665,
        3.250164470260439
    ],
    "maxDeviation": 0,
    "numMeteringIntervals": 45,
    "lengthMeteringInterval": 15,
    "maxEnergyConsumptions": [
        100.0,
        100.0,
        100.0,
        100.0,
        100.0,
        100.0,
        100.0,
        100.0,
        100.0,
        100.0,
        100.0,
        100.0,
        100.0,
        100.0,
        100.0,
        100.0,
        100.0,
        100.0,
        100.0,
        100.0,
        100.0,
        100.0,
        100.0,
        100.0,
        100.0,
        100.0,
        100.0,
        100.0,
        100.0,
        100.0,
        100.0,
        100.0,
        100.0,
        100.0,
        100.0,
        100.0,
        100.0,
        100.0,
        100.0,
        100.0,
        100.0,
        100.0,
        100.0,
        100.0,
        100.0
    ],
    "metadata": {}
}