{
    "numOperations": 15,
    "releaseTimes": [
        1,
        20,
        25,
        27,
        30,
        36,
        39,
        39,
        40,
        40,
        47,
        49,
        52,
        56,
        60
    ],
    "dueDates": [
        14,
        27,
        35,
        41,
        43,
        55,
        42,
        47,
        59,
        55,
        53,
        63,
        71,
        74,
        80
    ],
    "processingTimes": [
        1,
        7,
        7,
        10,
        2,
        8,
        2,
        4,
        12,
        12,
        6,
        13,
        12,
        6,
        12
    ],
    "powerConsumptions": [
        50.492150316995459,
        12.627301371014564,
        6.607982534375732,
        1.8333791582475006,
        48.10262628096292,
        12.451551344181903,
        48.47822800271683,
        13.838656287158948,
        7.5430815983648549,
        2.1148563653550886,
        13.24732967587651,
        5.831289493007167,
        7.017349657551722,
        8.926516912122152,
        3.2809929664775256
    ],
    "maxDeviation": 0,
    "numMeteringIntervals": 45,
    "lengthMeteringInterval": 15,
    "maxEnergyConsumptions": [
        100.0,
        100.0,
        100.0,
        100.0,
        100.0,
        100.0,
        100.0,
        100.0,
        100.0,
        100.0,
        100.0,
        100.0,
        100.0,
        100.0,
        100.0,
        100.0,
        100.0,
        100.0,
        100.0,
        100.0,
        100.0,
        100.0,
        100.0,
        100.0,
        100.0,
        100.0,
        100.0,
        100.0,
        100.0,
        100.0,
        100.0,
        100.0,
        100.0,
        100.0,
        100.0,
        100.0,
        100.0,
        100.0,
        100.0,
        100.0,
        100.0,
        100.0,
        100.0,
        100.0,
        100.0
    ],
    "metadata": {}
}