{
    "numOperations": 10,
    "releaseTimes": [
        1,
        4,
        4,
        9,
        9,
        19,
        21,
        28,
        31,
        33
    ],
    "dueDates": [
        12,
        16,
        23,
        24,
        12,
        26,
        37,
        39,
        32,
        40
    ],
    "processingTimes": [
        8,
        11,
        12,
        11,
        1,
        3,
        11,
        6,
        1,
        3
    ],
    "powerConsumptions": [
        9.594697588255326,
        6.364616594814118,
        5.074327091880686,
        5.923566453789769,
        32.21595841256314,
        22.181480825987653,
        2.950378682098321,
        6.2504393748756839,
        68.6280598417222,
        24.259246498867446
    ],
    "maxDeviation": 0,
    "numMeteringIntervals": 30,
    "lengthMeteringInterval": 15,
    "maxEnergyConsumptions": [
        100.0,
        100.0,
        100.0,
        100.0,
        100.0,
        100.0,
        100.0,
        100.0,
        100.0,
        100.0,
        100.0,
        100.0,
        100.0,
        100.0,
        100.0,
        100.0,
        100.0,
        100.0,
        100.0,
        100.0,
        100.0,
        100.0,
        100.0,
        100.0,
        100.0,
        100.0,
        100.0,
        100.0,
        100.0,
        100.0
    ],
    "metadata": {}
}