{
    "numOperations": 10,
    "releaseTimes": [
        0,
        8,
        16,
        16,
        16,
        18,
        19,
        22,
        28,
        38
    ],
    "dueDates": [
        6,
        15,
        22,
        26,
        26,
        25,
        38,
        34,
        42,
        48
    ],
    "processingTimes": [
        3,
        3,
        1,
        3,
        8,
        6,
        14,
        7,
        7,
        10
    ],
    "powerConsumptions": [
        30.51139717343827,
        12.09657229603206,
        59.17574521136634,
        25.74283299986382,
        10.864159826492504,
        13.97586784008765,
        6.625477008720385,
        9.150421296751578,
        8.06055965705394,
        7.813045289509198
    ],
    "maxDeviation": 0,
    "numMeteringIntervals": 30,
    "lengthMeteringInterval": 15,
    "maxEnergyConsumptions": [
        100.0,
        100.0,
        100.0,
        100.0,
        100.0,
        100.0,
        100.0,
        100.0,
        100.0,
        100.0,
        100.0,
        100.0,
        100.0,
        100.0,
        100.0,
        100.0,
        100.0,
        100.0,
        100.0,
        100.0,
        100.0,
        100.0,
        100.0,
        100.0,
        100.0,
        100.0,
        100.0,
        100.0,
        100.0,
        100.0
    ],
    "metadata": {}
}