{
    "numOperations": 10,
    "releaseTimes": [
        1,
        7,
        7,
        9,
        11,
        22,
        22,
        22,
        24,
        38
    ],
    "dueDates": [
        10,
        10,
        11,
        18,
        25,
        31,
        31,
        42,
        37,
        52
    ],
    "processingTimes": [
        2,
        2,
        3,
        8,
        11,
        4,
        6,
        15,
        10,
        11
    ],
    "powerConsumptions": [
        36.0046428001441,
        20.20755975295169,
        33.22601426024453,
        7.273974010327844,
        7.942445718606396,
        14.049364441066477,
        10.597417085884882,
        5.016977620473857,
        8.59324338506012,
        5.003365831809014
    ],
    "maxDeviation": 0,
    "numMeteringIntervals": 30,
    "lengthMeteringInterval": 15,
    "maxEnergyConsumptions": [
        100.0,
        100.0,
        100.0,
        100.0,
        100.0,
        100.0,
        100.0,
        100.0,
        100.0,
        100.0,
        100.0,
        100.0,
        100.0,
        100.0,
        100.0,
        100.0,
        100.0,
        100.0,
        100.0,
        100.0,
        100.0,
        100.0,
        100.0,
        100.0,
        100.0,
        100.0,
        100.0,
        100.0,
        100.0,
        100.0
    ],
    "metadata": {}
}