{
    "numOperations": 10,
    "releaseTimes": [
        11,
        14,
        15,
        22,
        26,
        28,
        28,
        32,
        38,
        39
    ],
    "dueDates": [
        20,
        22,
        30,
        31,
        38,
        41,
        45,
        40,
        41,
        49
    ],
    "processingTimes": [
        6,
        6,
        11,
        3,
        5,
        11,
        13,
        5,
        3,
        10
    ],
    "powerConsumptions": [
        11.605464058108396,
        9.929778946669464,
        4.592094656325305,
        18.34226587053657,
        14.251869258275852,
        5.674010006823537,
        7.393203405884432,
        6.7067428953454339,
        23.90496780701126,
        9.049200761288674
    ],
    "maxDeviation": 0,
    "numMeteringIntervals": 30,
    "lengthMeteringInterval": 15,
    "maxEnergyConsumptions": [
        100.0,
        100.0,
        100.0,
        100.0,
        100.0,
        100.0,
        100.0,
        100.0,
        100.0,
        100.0,
        100.0,
        100.0,
        100.0,
        100.0,
        100.0,
        100.0,
        100.0,
        100.0,
        100.0,
        100.0,
        100.0,
        100.0,
        100.0,
        100.0,
        100.0,
        100.0,
        100.0,
        100.0,
        100.0,
        100.0
    ],
    "metadata": {}
}