{
    "numOperations": 10,
    "releaseTimes": [
        0,
        4,
        12,
        13,
        17,
        22,
        23,
        23,
        23,
        28
    ],
    "dueDates": [
        1,
        7,
        18,
        25,
        30,
        36,
        33,
        39,
        29,
        33
    ],
    "processingTimes": [
        1,
        2,
        3,
        6,
        12,
        11,
        10,
        9,
        6,
        3
    ],
    "powerConsumptions": [
        85.49461693723343,
        22.487052187317734,
        18.881310732578919,
        15.832822479972189,
        6.096618025711244,
        4.99485360162995,
        4.3853036682706059,
        9.48664823074862,
        5.212930700231541,
        12.672351745949428
    ],
    "maxDeviation": 0,
    "numMeteringIntervals": 30,
    "lengthMeteringInterval": 15,
    "maxEnergyConsumptions": [
        100.0,
        100.0,
        100.0,
        100.0,
        100.0,
        100.0,
        100.0,
        100.0,
        100.0,
        100.0,
        100.0,
        100.0,
        100.0,
        100.0,
        100.0,
        100.0,
        100.0,
        100.0,
        100.0,
        100.0,
        100.0,
        100.0,
        100.0,
        100.0,
        100.0,
        100.0,
        100.0,
        100.0,
        100.0,
        100.0
    ],
    "metadata": {}
}