{
    "numOperations": 15,
    "releaseTimes": [
        2,
        4,
        6,
        6,
        11,
        13,
        15,
        17,
        23,
        23,
        25,
        27,
        31,
        31,
        31
    ],
    "dueDates": [
        17,
        23,
        24,
        20,
        18,
        32,
        37,
        26,
        30,
        33,
        31,
        53,
        38,
        39,
        47
    ],
    "processingTimes": [
        6,
        3,
        5,
        5,
        5,
        9,
        4,
        1,
        3,
        1,
        2,
        10,
        3,
        3,
        3
    ],
    "powerConsumptions": [
        5.052146398571525,
        6.073920732207448,
        2.142306882383369,
        17.512320487190274,
        14.442132218021243,
        3.6877276526432958,
        23.81135373460582,
        35.315702795200028,
        9.306047729038572,
        91.16894831069308,
        32.47339265104564,
        8.450408909918203,
        3.922112330135933,
        30.042994299761376,
        22.594957409641525
    ],
    "maxDeviation": 0,
    "numMeteringIntervals": 45,
    "lengthMeteringInterval": 15,
    "maxEnergyConsumptions": [
        100.0,
        100.0,
        100.0,
        100.0,
        100.0,
        100.0,
        100.0,
        100.0,
        100.0,
        100.0,
        100.0,
        100.0,
        100.0,
        100.0,
        100.0,
        100.0,
        100.0,
        100.0,
        100.0,
        100.0,
        100.0,
        100.0,
        100.0,
        100.0,
        100.0,
        100.0,
        100.0,
        100.0,
        100.0,
        100.0,
        100.0,
        100.0,
        100.0,
        100.0,
        100.0,
        100.0,
        100.0,
        100.0,
        100.0,
        100.0,
        100.0,
        100.0,
        100.0,
        100.0,
        100.0
    ],
    "metadata": {}
}