{
    "numOperations": 15,
    "releaseTimes": [
        7,
        9,
        12,
        12,
        12,
        33,
        33,
        33,
        34,
        38,
        39,
        41,
        43,
        47,
        47
    ],
    "dueDates": [
        21,
        36,
        35,
        33,
        31,
        77,
        47,
        45,
        59,
        59,
        82,
        73,
        60,
        76,
        82
    ],
    "processingTimes": [
        1,
        13,
        4,
        2,
        4,
        13,
        7,
        8,
        9,
        8,
        12,
        1,
        4,
        3,
        14
    ],
    "powerConsumptions": [
        27.726382382052664,
        6.185080636798512,
        6.881697009027345,
        11.547188539736713,
        18.945379117359314,
        4.146939384169579,
        11.26129452316032,
        1.566381287126623,
        7.679902246201253,
        2.484473436768447,
        6.669976195648015,
        49.96117714205821,
        5.968177852366313,
        21.152950251409565,
        6.081786209357985
    ],
    "maxDeviation": 0,
    "numMeteringIntervals": 45,
    "lengthMeteringInterval": 15,
    "maxEnergyConsumptions": [
        100.0,
        100.0,
        100.0,
        100.0,
        100.0,
        100.0,
        100.0,
        100.0,
        100.0,
        100.0,
        100.0,
        100.0,
        100.0,
        100.0,
        100.0,
        100.0,
        100.0,
        100.0,
        100.0,
        100.0,
        100.0,
        100.0,
        100.0,
        100.0,
        100.0,
        100.0,
        100.0,
        100.0,
        100.0,
        100.0,
        100.0,
        100.0,
        100.0,
        100.0,
        100.0,
        100.0,
        100.0,
        100.0,
        100.0,
        100.0,
        100.0,
        100.0,
        100.0,
        100.0,
        100.0
    ],
    "metadata": {}
}