{
    "numOperations": 15,
    "releaseTimes": [
        6,
        9,
        12,
        14,
        14,
        33,
        34,
        37,
        41,
        48,
        64,
        65,
        65,
        69,
        75
    ],
    "dueDates": [
        18,
        39,
        45,
        31,
        19,
        52,
        54,
        57,
        80,
        59,
        86,
        79,
        78,
        97,
        105
    ],
    "processingTimes": [
        5,
        12,
        15,
        7,
        2,
        1,
        14,
        7,
        8,
        7,
        6,
        11,
        1,
        9,
        5
    ],
    "powerConsumptions": [
        14.250013600670215,
        4.156468730251,
        3.983471831081554,
        10.697668357282146,
        36.481592596022057,
        80.62196035100948,
        6.233720253814807,
        11.586930780014637,
        6.441419744740829,
        7.917965022473531,
        9.342582935372504,
        1.0479683525438679,
        49.054370710325489,
        10.47978354283944,
        16.020692646848496
    ],
    "maxDeviation": 0,
    "numMeteringIntervals": 45,
    "lengthMeteringInterval": 15,
    "maxEnergyConsumptions": [
        100.0,
        100.0,
        100.0,
        100.0,
        100.0,
        100.0,
        100.0,
        100.0,
        100.0,
        100.0,
        100.0,
        100.0,
        100.0,
        100.0,
        100.0,
        100.0,
        100.0,
        100.0,
        100.0,
        100.0,
        100.0,
        100.0,
        100.0,
        100.0,
        100.0,
        100.0,
        100.0,
        100.0,
        100.0,
        100.0,
        100.0,
        100.0,
        100.0,
        100.0,
        100.0,
        100.0,
        100.0,
        100.0,
        100.0,
        100.0,
        100.0,
        100.0,
        100.0,
        100.0,
        100.0
    ],
    "metadata": {}
}