{
    "numOperations": 15,
    "releaseTimes": [
        17,
        20,
        26,
        51,
        62,
        66,
        66,
        71,
        74,
        85,
        94,
        101,
        113,
        116,
        123
    ],
    "dueDates": [
        30,
        37,
        49,
        68,
        86,
        83,
        91,
        93,
        80,
        105,
        117,
        112,
        130,
        134,
        143
    ],
    "processingTimes": [
        6,
        7,
        13,
        14,
        10,
        4,
        11,
        14,
        4,
        13,
        8,
        8,
        10,
        13,
        12
    ],
    "powerConsumptions": [
        8.262550108948565,
        11.799784651110937,
        2.2335927804838024,
        1.7017430834595016,
        6.547153291650441,
        2.5197774882209225,
        6.860013556773435,
        3.3996524589906667,
        17.81264463950945,
        6.559829937545912,
        10.572964462508116,
        2.169548103889809,
        6.6661465280728129,
        2.247631687659667,
        3.74950761585821
    ],
    "maxDeviation": 5,
    "numMeteringIntervals": 45,
    "lengthMeteringInterval": 15,
    "maxEnergyConsumptions": [
        100.0,
        100.0,
        100.0,
        100.0,
        100.0,
        100.0,
        100.0,
        100.0,
        100.0,
        100.0,
        100.0,
        100.0,
        100.0,
        100.0,
        100.0,
        100.0,
        100.0,
        100.0,
        100.0,
        100.0,
        100.0,
        100.0,
        100.0,
        100.0,
        100.0,
        100.0,
        100.0,
        100.0,
        100.0,
        100.0,
        100.0,
        100.0,
        100.0,
        100.0,
        100.0,
        100.0,
        100.0,
        100.0,
        100.0,
        100.0,
        100.0,
        100.0,
        100.0,
        100.0,
        100.0
    ],
    "metadata": {}
}