{
    "numOperations": 15,
    "releaseTimes": [
        0,
        4,
        12,
        33,
        34,
        35,
        40,
        45,
        50,
        50,
        51,
        56,
        62,
        65,
        66
    ],
    "dueDates": [
        24,
        20,
        20,
        44,
        56,
        50,
        59,
        66,
        61,
        56,
        60,
        61,
        72,
        86,
        75
    ],
    "processingTimes": [
        15,
        15,
        6,
        5,
        11,
        5,
        12,
        12,
        7,
        5,
        3,
        1,
        3,
        15,
        4
    ],
    "powerConsumptions": [
        2.8880243205135245,
        3.347862321442846,
        7.4841349465338109,
        3.4087377441324069,
        2.9866368467065587,
        14.17226458640613,
        6.29789606153514,
        7.918979508682953,
        13.516382975549846,
        10.287815111858637,
        23.173998236592099,
        64.50757334715692,
        7.845150015915455,
        2.729572019297506,
        14.263173551631544
    ],
    "maxDeviation": 5,
    "numMeteringIntervals": 45,
    "lengthMeteringInterval": 15,
    "maxEnergyConsumptions": [
        100.0,
        100.0,
        100.0,
        100.0,
        100.0,
        100.0,
        100.0,
        100.0,
        100.0,
        100.0,
        100.0,
        100.0,
        100.0,
        100.0,
        100.0,
        100.0,
        100.0,
        100.0,
        100.0,
        100.0,
        100.0,
        100.0,
        100.0,
        100.0,
        100.0,
        100.0,
        100.0,
        100.0,
        100.0,
        100.0,
        100.0,
        100.0,
        100.0,
        100.0,
        100.0,
        100.0,
        100.0,
        100.0,
        100.0,
        100.0,
        100.0,
        100.0,
        100.0,
        100.0,
        100.0
    ],
    "metadata": {}
}