{
    "numOperations": 15,
    "releaseTimes": [
        4,
        5,
        15,
        15,
        15,
        19,
        23,
        27,
        35,
        35,
        41,
        41,
        56,
        58,
        59
    ],
    "dueDates": [
        8,
        25,
        34,
        33,
        31,
        43,
        50,
        55,
        46,
        46,
        69,
        65,
        73,
        83,
        78
    ],
    "processingTimes": [
        4,
        9,
        7,
        7,
        15,
        15,
        13,
        14,
        5,
        3,
        15,
        10,
        8,
        14,
        11
    ],
    "powerConsumptions": [
        6.131936844115731,
        6.85471392863923,
        8.261208085892026,
        10.004919456912676,
        3.959084374132922,
        4.674459298613175,
        4.726341130621952,
        3.5512992441134094,
        11.040945112148205,
        4.2830297958603948,
        3.799047450492063,
        1.3155355646819119,
        2.4557808257729807,
        4.2617605977091819,
        5.909086434667805
    ],
    "maxDeviation": 5,
    "numMeteringIntervals": 45,
    "lengthMeteringInterval": 15,
    "maxEnergyConsumptions": [
        100.0,
        100.0,
        100.0,
        100.0,
        100.0,
        100.0,
        100.0,
        100.0,
        100.0,
        100.0,
        100.0,
        100.0,
        100.0,
        100.0,
        100.0,
        100.0,
        100.0,
        100.0,
        100.0,
        100.0,
        100.0,
        100.0,
        100.0,
        100.0,
        100.0,
        100.0,
        100.0,
        100.0,
        100.0,
        100.0,
        100.0,
        100.0,
        100.0,
        100.0,
        100.0,
        100.0,
        100.0,
        100.0,
        100.0,
        100.0,
        100.0,
        100.0,
        100.0,
        100.0,
        100.0
    ],
    "metadata": {}
}