{
    "numOperations": 5,
    "releaseTimes": [
        2,
        7,
        7,
        8,
        10
    ],
    "dueDates": [
        9,
        15,
        20,
        16,
        26
    ],
    "processingTimes": [
        2,
        6,
        10,
        6,
        7
    ],
    "powerConsumptions": [
        38.37903285011193,
        11.54131490126453,
        5.417732601409405,
        9.255162569801343,
        9.056553014148019
    ],
    "maxDeviation": 3,
    "numMeteringIntervals": 15,
    "lengthMeteringInterval": 15,
    "maxEnergyConsumptions": [
        100.0,
        100.0,
        100.0,
        100.0,
        100.0,
        100.0,
        100.0,
        100.0,
        100.0,
        100.0,
        100.0,
        100.0,
        100.0,
        100.0,
        100.0
    ],
    "metadata": {}
}