{
    "numOperations": 10,
    "releaseTimes": [
        6,
        6,
        13,
        21,
        35,
        61,
        79,
        79,
        79,
        83
    ],
    "dueDates": [
        20,
        18,
        20,
        34,
        56,
        74,
        88,
        84,
        94,
        96
    ],
    "processingTimes": [
        7,
        4,
        2,
        11,
        13,
        12,
        8,
        4,
        10,
        5
    ],
    "powerConsumptions": [
        11.555698623769127,
        17.567729095105208,
        26.886254176692277,
        7.896640635530465,
        6.058817849879945,
        4.343199262372518,
        8.404624892181836,
        19.293755223810999,
        9.667132712151809,
        19.245435232059014
    ],
    "maxDeviation": 5,
    "numMeteringIntervals": 30,
    "lengthMeteringInterval": 15,
    "maxEnergyConsumptions": [
        100.0,
        100.0,
        100.0,
        100.0,
        100.0,
        100.0,
        100.0,
        100.0,
        100.0,
        100.0,
        100.0,
        100.0,
        100.0,
        100.0,
        100.0,
        100.0,
        100.0,
        100.0,
        100.0,
        100.0,
        100.0,
        100.0,
        100.0,
        100.0,
        100.0,
        100.0,
        100.0,
        100.0,
        100.0,
        100.0
    ],
    "metadata": {}
}