{
    "numOperations": 10,
    "releaseTimes": [
        23,
        29,
        35,
        58,
        59,
        60,
        61,
        61,
        70,
        71
    ],
    "dueDates": [
        41,
        44,
        42,
        74,
        63,
        62,
        75,
        65,
        85,
        81
    ],
    "processingTimes": [
        13,
        14,
        7,
        11,
        1,
        1,
        8,
        1,
        8,
        6
    ],
    "powerConsumptions": [
        6.418922221869939,
        6.42021885994893,
        13.313434475969342,
        7.225421518562018,
        69.53092769408413,
        65.72028411912845,
        9.322712445863222,
        57.9257296214235,
        12.247849512129518,
        12.412340864989446
    ],
    "maxDeviation": 5,
    "numMeteringIntervals": 30,
    "lengthMeteringInterval": 15,
    "maxEnergyConsumptions": [
        100.0,
        100.0,
        100.0,
        100.0,
        100.0,
        100.0,
        100.0,
        100.0,
        100.0,
        100.0,
        100.0,
        100.0,
        100.0,
        100.0,
        100.0,
        100.0,
        100.0,
        100.0,
        100.0,
        100.0,
        100.0,
        100.0,
        100.0,
        100.0,
        100.0,
        100.0,
        100.0,
        100.0,
        100.0,
        100.0
    ],
    "metadata": {}
}