{
    "numOperations": 10,
    "releaseTimes": [
        3,
        13,
        18,
        19,
        20,
        39,
        39,
        48,
        53,
        64
    ],
    "dueDates": [
        11,
        20,
        31,
        28,
        39,
        46,
        51,
        53,
        63,
        78
    ],
    "processingTimes": [
        4,
        4,
        8,
        2,
        14,
        5,
        12,
        1,
        8,
        7
    ],
    "powerConsumptions": [
        13.363520266648913,
        16.287531404877208,
        7.621948569437531,
        30.782680083030756,
        6.8242574998738949,
        11.6017876798435,
        5.798100365612274,
        87.22238038131926,
        7.9730684359159789,
        11.782325204983494
    ],
    "maxDeviation": 5,
    "numMeteringIntervals": 30,
    "lengthMeteringInterval": 15,
    "maxEnergyConsumptions": [
        100.0,
        100.0,
        100.0,
        100.0,
        100.0,
        100.0,
        100.0,
        100.0,
        100.0,
        100.0,
        100.0,
        100.0,
        100.0,
        100.0,
        100.0,
        100.0,
        100.0,
        100.0,
        100.0,
        100.0,
        100.0,
        100.0,
        100.0,
        100.0,
        100.0,
        100.0,
        100.0,
        100.0,
        100.0,
        100.0
    ],
    "metadata": {}
}