{
    "numOperations": 10,
    "releaseTimes": [
        0,
        19,
        24,
        25,
        29,
        30,
        33,
        47,
        50,
        60
    ],
    "dueDates": [
        20,
        28,
        40,
        35,
        41,
        45,
        45,
        48,
        74,
        75
    ],
    "processingTimes": [
        13,
        3,
        13,
        4,
        6,
        9,
        10,
        1,
        15,
        13
    ],
    "powerConsumptions": [
        6.00124877799262,
        18.678178837044127,
        4.375829163875248,
        19.282504017878098,
        15.721664384693531,
        7.56996119500133,
        6.49605570989482,
        95.65010987379756,
        6.567662935344696,
        6.914893474016168
    ],
    "maxDeviation": 3,
    "numMeteringIntervals": 30,
    "lengthMeteringInterval": 15,
    "maxEnergyConsumptions": [
        100.0,
        100.0,
        100.0,
        100.0,
        100.0,
        100.0,
        100.0,
        100.0,
        100.0,
        100.0,
        100.0,
        100.0,
        100.0,
        100.0,
        100.0,
        100.0,
        100.0,
        100.0,
        100.0,
        100.0,
        100.0,
        100.0,
        100.0,
        100.0,
        100.0,
        100.0,
        100.0,
        100.0,
        100.0,
        100.0
    ],
    "metadata": {}
}