{
    "numOperations": 10,
    "releaseTimes": [
        4,
        16,
        16,
        22,
        24,
        24,
        25,
        26,
        28,
        35
    ],
    "dueDates": [
        23,
        29,
        34,
        33,
        43,
        35,
        33,
        38,
        47,
        46
    ],
    "processingTimes": [
        13,
        7,
        10,
        11,
        13,
        8,
        3,
        7,
        14,
        8
    ],
    "powerConsumptions": [
        4.376930661309526,
        9.906521277146175,
        5.280673790161279,
        8.025144419438,
        7.545848570864964,
        12.494325885194659,
        22.49637709031178,
        8.564289001330819,
        5.510087568523069,
        7.510105766865095
    ],
    "maxDeviation": 3,
    "numMeteringIntervals": 30,
    "lengthMeteringInterval": 15,
    "maxEnergyConsumptions": [
        100.0,
        100.0,
        100.0,
        100.0,
        100.0,
        100.0,
        100.0,
        100.0,
        100.0,
        100.0,
        100.0,
        100.0,
        100.0,
        100.0,
        100.0,
        100.0,
        100.0,
        100.0,
        100.0,
        100.0,
        100.0,
        100.0,
        100.0,
        100.0,
        100.0,
        100.0,
        100.0,
        100.0,
        100.0,
        100.0
    ],
    "metadata": {}
}