{
    "numOperations": 10,
    "releaseTimes": [
        6,
        7,
        9,
        26,
        39,
        59,
        62,
        71,
        76,
        76
    ],
    "dueDates": [
        17,
        16,
        30,
        42,
        56,
        75,
        73,
        84,
        90,
        94
    ],
    "processingTimes": [
        6,
        9,
        15,
        12,
        12,
        12,
        7,
        7,
        4,
        11
    ],
    "powerConsumptions": [
        8.426192835950923,
        7.707683237728787,
        5.2189671587776,
        5.285773081106366,
        4.8400850587066659,
        7.534624892230544,
        8.511935692177673,
        11.77253086090207,
        13.410684493576259,
        6.267977859883857
    ],
    "maxDeviation": 3,
    "numMeteringIntervals": 30,
    "lengthMeteringInterval": 15,
    "maxEnergyConsumptions": [
        100.0,
        100.0,
        100.0,
        100.0,
        100.0,
        100.0,
        100.0,
        100.0,
        100.0,
        100.0,
        100.0,
        100.0,
        100.0,
        100.0,
        100.0,
        100.0,
        100.0,
        100.0,
        100.0,
        100.0,
        100.0,
        100.0,
        100.0,
        100.0,
        100.0,
        100.0,
        100.0,
        100.0,
        100.0,
        100.0
    ],
    "metadata": {}
}