{
    "numOperations": 10,
    "releaseTimes": [
        17,
        20,
        20,
        22,
        22,
        22,
        23,
        23,
        24,
        30
    ],
    "dueDates": [
        27,
        30,
        24,
        30,
        35,
        32,
        42,
        40,
        37,
        40
    ],
    "processingTimes": [
        2,
        8,
        2,
        4,
        7,
        6,
        15,
        14,
        6,
        7
    ],
    "powerConsumptions": [
        47.89218705673444,
        9.803949948681924,
        35.01307143362853,
        22.579437309179747,
        7.452908835157751,
        9.417492065134898,
        6.564066825299741,
        4.311461181406054,
        15.255693498475898,
        9.3290117133708
    ],
    "maxDeviation": 3,
    "numMeteringIntervals": 30,
    "lengthMeteringInterval": 15,
    "maxEnergyConsumptions": [
        100.0,
        100.0,
        100.0,
        100.0,
        100.0,
        100.0,
        100.0,
        100.0,
        100.0,
        100.0,
        100.0,
        100.0,
        100.0,
        100.0,
        100.0,
        100.0,
        100.0,
        100.0,
        100.0,
        100.0,
        100.0,
        100.0,
        100.0,
        100.0,
        100.0,
        100.0,
        100.0,
        100.0,
        100.0,
        100.0
    ],
    "metadata": {}
}