{
    "numOperations": 15,
    "releaseTimes": [
        0,
        21,
        29,
        34,
        35,
        41,
        43,
        44,
        44,
        46,
        49,
        56,
        56,
        60,
        68
    ],
    "dueDates": [
        15,
        53,
        61,
        67,
        57,
        54,
        50,
        68,
        75,
        84,
        66,
        80,
        70,
        76,
        94
    ],
    "processingTimes": [
        10,
        10,
        1,
        6,
        5,
        3,
        7,
        8,
        3,
        11,
        15,
        6,
        3,
        2,
        11
    ],
    "powerConsumptions": [
        4.106217069115209,
        9.578152461138842,
        44.5061266045535,
        8.436644829787154,
        18.425443844161206,
        27.487672748525175,
        13.950648220073463,
        11.829007730067032,
        14.875796749305869,
        8.029917531867192,
        6.540008506838973,
        10.702623523715547,
        11.951862650562136,
        35.64750344666119,
        8.171934103380006
    ],
    "maxDeviation": 0,
    "numMeteringIntervals": 45,
    "lengthMeteringInterval": 15,
    "maxEnergyConsumptions": [
        100.0,
        100.0,
        100.0,
        100.0,
        100.0,
        100.0,
        100.0,
        100.0,
        100.0,
        100.0,
        100.0,
        100.0,
        100.0,
        100.0,
        100.0,
        100.0,
        100.0,
        100.0,
        100.0,
        100.0,
        100.0,
        100.0,
        100.0,
        100.0,
        100.0,
        100.0,
        100.0,
        100.0,
        100.0,
        100.0,
        100.0,
        100.0,
        100.0,
        100.0,
        100.0,
        100.0,
        100.0,
        100.0,
        100.0,
        100.0,
        100.0,
        100.0,
        100.0,
        100.0,
        100.0
    ],
    "metadata": {}
}