{
    "numOperations": 15,
    "releaseTimes": [
        0,
        4,
        41,
        52,
        57,
        60,
        64,
        94,
        95,
        111,
        122,
        140,
        162,
        163,
        166
    ],
    "dueDates": [
        38,
        24,
        77,
        100,
        69,
        92,
        95,
        103,
        147,
        138,
        130,
        173,
        197,
        212,
        195
    ],
    "processingTimes": [
        3,
        12,
        8,
        14,
        10,
        10,
        4,
        8,
        15,
        5,
        8,
        3,
        14,
        11,
        6
    ],
    "powerConsumptions": [
        15.98217673056945,
        6.357298699436872,
        11.41899007012453,
        2.304096071789416,
        5.580275421533883,
        4.857513118723415,
        15.466071355151794,
        4.402969261485407,
        2.0451992159396155,
        8.743811809680134,
        10.11473928741536,
        14.686919776025349,
        5.434520114590707,
        5.449921002849083,
        9.198776640729867
    ],
    "maxDeviation": 0,
    "numMeteringIntervals": 45,
    "lengthMeteringInterval": 15,
    "maxEnergyConsumptions": [
        100.0,
        100.0,
        100.0,
        100.0,
        100.0,
        100.0,
        100.0,
        100.0,
        100.0,
        100.0,
        100.0,
        100.0,
        100.0,
        100.0,
        100.0,
        100.0,
        100.0,
        100.0,
        100.0,
        100.0,
        100.0,
        100.0,
        100.0,
        100.0,
        100.0,
        100.0,
        100.0,
        100.0,
        100.0,
        100.0,
        100.0,
        100.0,
        100.0,
        100.0,
        100.0,
        100.0,
        100.0,
        100.0,
        100.0,
        100.0,
        100.0,
        100.0,
        100.0,
        100.0,
        100.0
    ],
    "metadata": {}
}