{
    "numOperations": 15,
    "releaseTimes": [
        3,
        5,
        8,
        9,
        21,
        21,
        22,
        30,
        32,
        32,
        36,
        39,
        44,
        46,
        58
    ],
    "dueDates": [
        36,
        12,
        37,
        43,
        36,
        24,
        48,
        43,
        55,
        62,
        54,
        50,
        55,
        75,
        85
    ],
    "processingTimes": [
        6,
        6,
        10,
        15,
        11,
        2,
        5,
        1,
        1,
        7,
        3,
        6,
        9,
        11,
        3
    ],
    "powerConsumptions": [
        12.8641959878664,
        11.64511770560975,
        3.36416297611981,
        4.898742161437672,
        8.890934083314154,
        41.017162586396739,
        16.861057501240955,
        98.33133445383499,
        68.12780174007333,
        11.612612520380509,
        16.87959160244835,
        14.387638625420323,
        9.757678921328879,
        4.601768907880293,
        20.712305190275175
    ],
    "maxDeviation": 0,
    "numMeteringIntervals": 45,
    "lengthMeteringInterval": 15,
    "maxEnergyConsumptions": [
        100.0,
        100.0,
        100.0,
        100.0,
        100.0,
        100.0,
        100.0,
        100.0,
        100.0,
        100.0,
        100.0,
        100.0,
        100.0,
        100.0,
        100.0,
        100.0,
        100.0,
        100.0,
        100.0,
        100.0,
        100.0,
        100.0,
        100.0,
        100.0,
        100.0,
        100.0,
        100.0,
        100.0,
        100.0,
        100.0,
        100.0,
        100.0,
        100.0,
        100.0,
        100.0,
        100.0,
        100.0,
        100.0,
        100.0,
        100.0,
        100.0,
        100.0,
        100.0,
        100.0,
        100.0
    ],
    "metadata": {}
}