{
    "numOperations": 15,
    "releaseTimes": [
        3,
        5,
        8,
        14,
        15,
        16,
        27,
        39,
        41,
        46,
        59,
        64,
        80,
        83,
        99
    ],
    "dueDates": [
        29,
        24,
        24,
        25,
        36,
        32,
        53,
        57,
        64,
        72,
        69,
        68,
        94,
        104,
        119
    ],
    "processingTimes": [
        12,
        10,
        3,
        6,
        8,
        14,
        13,
        5,
        12,
        12,
        4,
        4,
        2,
        13,
        14
    ],
    "powerConsumptions": [
        3.727283473914864,
        9.791743052158271,
        32.61523558353791,
        11.544313621810062,
        12.028472679907552,
        4.033697051703458,
        6.926112407135275,
        12.360815418589274,
        7.2249178054634559,
        5.293355429209893,
        18.937170833418358,
        21.8264407178774,
        27.775411288966006,
        4.204332743699305,
        5.111049392791959
    ],
    "maxDeviation": 5,
    "numMeteringIntervals": 45,
    "lengthMeteringInterval": 15,
    "maxEnergyConsumptions": [
        100.0,
        100.0,
        100.0,
        100.0,
        100.0,
        100.0,
        100.0,
        100.0,
        100.0,
        100.0,
        100.0,
        100.0,
        100.0,
        100.0,
        100.0,
        100.0,
        100.0,
        100.0,
        100.0,
        100.0,
        100.0,
        100.0,
        100.0,
        100.0,
        100.0,
        100.0,
        100.0,
        100.0,
        100.0,
        100.0,
        100.0,
        100.0,
        100.0,
        100.0,
        100.0,
        100.0,
        100.0,
        100.0,
        100.0,
        100.0,
        100.0,
        100.0,
        100.0,
        100.0,
        100.0
    ],
    "metadata": {}
}