{
    "numOperations": 15,
    "releaseTimes": [
        2,
        2,
        8,
        11,
        45,
        45,
        53,
        56,
        65,
        81,
        88,
        96,
        105,
        110,
        133
    ],
    "dueDates": [
        8,
        13,
        33,
        20,
        56,
        52,
        68,
        76,
        73,
        94,
        113,
        97,
        123,
        128,
        153
    ],
    "processingTimes": [
        3,
        10,
        14,
        3,
        11,
        1,
        14,
        14,
        4,
        13,
        13,
        1,
        12,
        6,
        10
    ],
    "powerConsumptions": [
        24.899719196452528,
        8.516908619044325,
        3.4452537248742196,
        29.71298353584936,
        2.8936122959819174,
        88.54072984747697,
        4.919558366753763,
        6.640266420458441,
        8.25087679287127,
        6.884953618871838,
        4.003688241158004,
        63.16797319156296,
        5.366666254623378,
        6.295705490921414,
        4.1216778067856529
    ],
    "maxDeviation": 5,
    "numMeteringIntervals": 45,
    "lengthMeteringInterval": 15,
    "maxEnergyConsumptions": [
        100.0,
        100.0,
        100.0,
        100.0,
        100.0,
        100.0,
        100.0,
        100.0,
        100.0,
        100.0,
        100.0,
        100.0,
        100.0,
        100.0,
        100.0,
        100.0,
        100.0,
        100.0,
        100.0,
        100.0,
        100.0,
        100.0,
        100.0,
        100.0,
        100.0,
        100.0,
        100.0,
        100.0,
        100.0,
        100.0,
        100.0,
        100.0,
        100.0,
        100.0,
        100.0,
        100.0,
        100.0,
        100.0,
        100.0,
        100.0,
        100.0,
        100.0,
        100.0,
        100.0,
        100.0
    ],
    "metadata": {}
}