{
    "numOperations": 15,
    "releaseTimes": [
        7,
        11,
        13,
        18,
        23,
        25,
        26,
        26,
        33,
        34,
        39,
        52,
        56,
        57,
        62
    ],
    "dueDates": [
        14,
        27,
        22,
        26,
        37,
        40,
        30,
        32,
        41,
        47,
        60,
        65,
        59,
        76,
        80
    ],
    "processingTimes": [
        3,
        7,
        8,
        5,
        10,
        15,
        1,
        2,
        8,
        13,
        14,
        4,
        2,
        12,
        14
    ],
    "powerConsumptions": [
        17.936188008507206,
        10.14281038411327,
        11.435415941201239,
        14.839644279208248,
        7.624480756558327,
        6.401807161313004,
        56.16752186321153,
        29.395161279272494,
        5.170903321220863,
        4.486400406435975,
        4.8548576243769709,
        12.197943723978577,
        49.26039998661787,
        3.831597108356771,
        5.453072930171195
    ],
    "maxDeviation": 5,
    "numMeteringIntervals": 45,
    "lengthMeteringInterval": 15,
    "maxEnergyConsumptions": [
        100.0,
        100.0,
        100.0,
        100.0,
        100.0,
        100.0,
        100.0,
        100.0,
        100.0,
        100.0,
        100.0,
        100.0,
        100.0,
        100.0,
        100.0,
        100.0,
        100.0,
        100.0,
        100.0,
        100.0,
        100.0,
        100.0,
        100.0,
        100.0,
        100.0,
        100.0,
        100.0,
        100.0,
        100.0,
        100.0,
        100.0,
        100.0,
        100.0,
        100.0,
        100.0,
        100.0,
        100.0,
        100.0,
        100.0,
        100.0,
        100.0,
        100.0,
        100.0,
        100.0,
        100.0
    ],
    "metadata": {}
}