{
    "numOperations": 5,
    "releaseTimes": [
        2,
        3,
        5,
        6,
        6
    ],
    "dueDates": [
        8,
        12,
        11,
        16,
        17
    ],
    "processingTimes": [
        4,
        5,
        6,
        8,
        9
    ],
    "powerConsumptions": [
        19.33658465285263,
        18.033274668291705,
        14.297260857637627,
        3.6434545386975136,
        2.4153837291420747
    ],
    "maxDeviation": 5,
    "numMeteringIntervals": 15,
    "lengthMeteringInterval": 15,
    "maxEnergyConsumptions": [
        100.0,
        100.0,
        100.0,
        100.0,
        100.0,
        100.0,
        100.0,
        100.0,
        100.0,
        100.0,
        100.0,
        100.0,
        100.0,
        100.0,
        100.0
    ],
    "metadata": {}
}