{
    "numOperations": 5,
    "releaseTimes": [
        9,
        12,
        13,
        14,
        15
    ],
    "dueDates": [
        29,
        27,
        21,
        23,
        27
    ],
    "processingTimes": [
        15,
        15,
        6,
        5,
        11
    ],
    "powerConsumptions": [
        1.6130537447502072,
        2.209678602566467,
        3.191227330773343,
        13.42491391152107,
        7.411753015241299
    ],
    "maxDeviation": 5,
    "numMeteringIntervals": 15,
    "lengthMeteringInterval": 15,
    "maxEnergyConsumptions": [
        100.0,
        100.0,
        100.0,
        100.0,
        100.0,
        100.0,
        100.0,
        100.0,
        100.0,
        100.0,
        100.0,
        100.0,
        100.0,
        100.0,
        100.0
    ],
    "metadata": {}
}