{
    "numOperations": 10,
    "releaseTimes": [
        8,
        8,
        8,
        10,
        10,
        11,
        21,
        21,
        23,
        34
    ],
    "dueDates": [
        27,
        17,
        16,
        18,
        17,
        20,
        27,
        39,
        26,
        49
    ],
    "processingTimes": [
        13,
        8,
        4,
        2,
        3,
        3,
        6,
        14,
        1,
        13
    ],
    "powerConsumptions": [
        4.218480009958621,
        11.125333690312772,
        19.978557681629299,
        36.70416489832394,
        29.683256405700388,
        27.101030398172218,
        13.475723201623376,
        3.719016591054109,
        80.12574666059462,
        6.792556598353792
    ],
    "maxDeviation": 3,
    "numMeteringIntervals": 30,
    "lengthMeteringInterval": 15,
    "maxEnergyConsumptions": [
        100.0,
        100.0,
        100.0,
        100.0,
        100.0,
        100.0,
        100.0,
        100.0,
        100.0,
        100.0,
        100.0,
        100.0,
        100.0,
        100.0,
        100.0,
        100.0,
        100.0,
        100.0,
        100.0,
        100.0,
        100.0,
        100.0,
        100.0,
        100.0,
        100.0,
        100.0,
        100.0,
        100.0,
        100.0,
        100.0
    ],
    "metadata": {}
}