{
    "numOperations": 10,
    "releaseTimes": [
        9,
        9,
        9,
        9,
        27,
        35,
        35,
        38,
        52,
        71
    ],
    "dueDates": [
        21,
        19,
        18,
        11,
        38,
        37,
        53,
        44,
        69,
        94
    ],
    "processingTimes": [
        9,
        7,
        7,
        2,
        9,
        1,
        14,
        3,
        9,
        15
    ],
    "powerConsumptions": [
        6.136212966220889,
        10.08305935276571,
        8.448961429040827,
        44.01675400741641,
        10.760772909806788,
        60.74903620327382,
        5.878521906932095,
        17.6380149415191,
        10.335835670245024,
        5.908763859010418
    ],
    "maxDeviation": 3,
    "numMeteringIntervals": 30,
    "lengthMeteringInterval": 15,
    "maxEnergyConsumptions": [
        100.0,
        100.0,
        100.0,
        100.0,
        100.0,
        100.0,
        100.0,
        100.0,
        100.0,
        100.0,
        100.0,
        100.0,
        100.0,
        100.0,
        100.0,
        100.0,
        100.0,
        100.0,
        100.0,
        100.0,
        100.0,
        100.0,
        100.0,
        100.0,
        100.0,
        100.0,
        100.0,
        100.0,
        100.0,
        100.0
    ],
    "metadata": {}
}