{
    "numOperations": 10,
    "releaseTimes": [
        9,
        13,
        35,
        37,
        51,
        51,
        57,
        57,
        63,
        71
    ],
    "dueDates": [
        34,
        38,
        56,
        72,
        55,
        70,
        82,
        70,
        76,
        102
    ],
    "processingTimes": [
        1,
        14,
        4,
        14,
        2,
        9,
        11,
        11,
        6,
        8
    ],
    "powerConsumptions": [
        99.69854169713185,
        6.973771365381235,
        16.318954890012514,
        6.616022652878158,
        20.980440816101529,
        9.338121560331029,
        7.3802762006429509,
        7.974316881154997,
        10.64655019090982,
        6.605602905334891
    ],
    "maxDeviation": 3,
    "numMeteringIntervals": 30,
    "lengthMeteringInterval": 15,
    "maxEnergyConsumptions": [
        100.0,
        100.0,
        100.0,
        100.0,
        100.0,
        100.0,
        100.0,
        100.0,
        100.0,
        100.0,
        100.0,
        100.0,
        100.0,
        100.0,
        100.0,
        100.0,
        100.0,
        100.0,
        100.0,
        100.0,
        100.0,
        100.0,
        100.0,
        100.0,
        100.0,
        100.0,
        100.0,
        100.0,
        100.0,
        100.0
    ],
    "metadata": {}
}