{
    "numOperations": 10,
    "releaseTimes": [
        4,
        23,
        29,
        45,
        51,
        61,
        78,
        82,
        86,
        95
    ],
    "dueDates": [
        27,
        58,
        56,
        66,
        83,
        95,
        110,
        95,
        122,
        137
    ],
    "processingTimes": [
        14,
        4,
        1,
        15,
        15,
        15,
        12,
        9,
        12,
        15
    ],
    "powerConsumptions": [
        2.2777345225113194,
        13.716595096759353,
        44.024182999182347,
        6.548690342682866,
        5.062095374472489,
        2.1771336171424799,
        6.394188287657511,
        6.538997816292994,
        3.6759347017174948,
        3.223184323680596
    ],
    "maxDeviation": 3,
    "numMeteringIntervals": 30,
    "lengthMeteringInterval": 15,
    "maxEnergyConsumptions": [
        100.0,
        100.0,
        100.0,
        100.0,
        100.0,
        100.0,
        100.0,
        100.0,
        100.0,
        100.0,
        100.0,
        100.0,
        100.0,
        100.0,
        100.0,
        100.0,
        100.0,
        100.0,
        100.0,
        100.0,
        100.0,
        100.0,
        100.0,
        100.0,
        100.0,
        100.0,
        100.0,
        100.0,
        100.0,
        100.0
    ],
    "metadata": {}
}