{
    "numOperations": 10,
    "releaseTimes": [
        0,
        2,
        3,
        3,
        3,
        8,
        11,
        11,
        11,
        14
    ],
    "dueDates": [
        13,
        5,
        9,
        6,
        7,
        12,
        27,
        36,
        21,
        24
    ],
    "processingTimes": [
        12,
        2,
        6,
        1,
        2,
        1,
        3,
        12,
        6,
        5
    ],
    "powerConsumptions": [
        3.673006121599265,
        39.13794990003076,
        13.908946065539114,
        30.91996190966068,
        23.245969585791259,
        42.89488988267787,
        30.45625446785736,
        2.816732671438101,
        15.930815839758303,
        18.396801080489405
    ],
    "maxDeviation": 3,
    "numMeteringIntervals": 30,
    "lengthMeteringInterval": 15,
    "maxEnergyConsumptions": [
        100.0,
        100.0,
        100.0,
        100.0,
        100.0,
        100.0,
        100.0,
        100.0,
        100.0,
        100.0,
        100.0,
        100.0,
        100.0,
        100.0,
        100.0,
        100.0,
        100.0,
        100.0,
        100.0,
        100.0,
        100.0,
        100.0,
        100.0,
        100.0,
        100.0,
        100.0,
        100.0,
        100.0,
        100.0,
        100.0
    ],
    "metadata": {}
}