{
    "numOperations": 10,
    "releaseTimes": [
        0,
        0,
        4,
        8,
        9,
        31,
        31,
        31,
        31,
        34
    ],
    "dueDates": [
        16,
        14,
        35,
        19,
        24,
        49,
        37,
        47,
        51,
        55
    ],
    "processingTimes": [
        4,
        7,
        11,
        4,
        5,
        15,
        1,
        6,
        8,
        3
    ],
    "powerConsumptions": [
        24.187850908469167,
        12.886431047643056,
        8.500721767576169,
        24.129779769687027,
        18.62566909502176,
        3.7152616030710496,
        31.17206456063821,
        8.820825300236793,
        8.851429746794047,
        31.70197961666466
    ],
    "maxDeviation": 3,
    "numMeteringIntervals": 30,
    "lengthMeteringInterval": 15,
    "maxEnergyConsumptions": [
        100.0,
        100.0,
        100.0,
        100.0,
        100.0,
        100.0,
        100.0,
        100.0,
        100.0,
        100.0,
        100.0,
        100.0,
        100.0,
        100.0,
        100.0,
        100.0,
        100.0,
        100.0,
        100.0,
        100.0,
        100.0,
        100.0,
        100.0,
        100.0,
        100.0,
        100.0,
        100.0,
        100.0,
        100.0,
        100.0
    ],
    "metadata": {}
}