{
    "numOperations": 10,
    "releaseTimes": [
        0,
        0,
        3,
        18,
        22,
        26,
        27,
        29,
        30,
        32
    ],
    "dueDates": [
        5,
        15,
        14,
        29,
        40,
        49,
        40,
        50,
        47,
        56
    ],
    "processingTimes": [
        1,
        13,
        4,
        2,
        4,
        13,
        7,
        8,
        9,
        8
    ],
    "powerConsumptions": [
        59.58202114438846,
        5.356444353391667,
        15.074412278537454,
        36.10707185161701,
        15.815256381132086,
        3.553696099613293,
        9.43382582645118,
        12.314655833598769,
        6.642980713652767,
        9.610857749996079
    ],
    "maxDeviation": 3,
    "numMeteringIntervals": 30,
    "lengthMeteringInterval": 15,
    "maxEnergyConsumptions": [
        100.0,
        100.0,
        100.0,
        100.0,
        100.0,
        100.0,
        100.0,
        100.0,
        100.0,
        100.0,
        100.0,
        100.0,
        100.0,
        100.0,
        100.0,
        100.0,
        100.0,
        100.0,
        100.0,
        100.0,
        100.0,
        100.0,
        100.0,
        100.0,
        100.0,
        100.0,
        100.0,
        100.0,
        100.0,
        100.0
    ],
    "metadata": {}
}