{
    "numOperations": 10,
    "releaseTimes": [
        0,
        6,
        17,
        17,
        19,
        21,
        22,
        26,
        31,
        32
    ],
    "dueDates": [
        21,
        36,
        33,
        44,
        54,
        50,
        36,
        41,
        53,
        45
    ],
    "processingTimes": [
        1,
        15,
        8,
        2,
        10,
        15,
        8,
        4,
        10,
        8
    ],
    "powerConsumptions": [
        69.43808967596849,
        2.858256325489561,
        10.681983522466794,
        17.200588340773007,
        5.8857779893228809,
        5.979069187059958,
        5.683575230311503,
        24.656355412216173,
        6.806977016087677,
        6.3615888625157679
    ],
    "maxDeviation": 0,
    "numMeteringIntervals": 30,
    "lengthMeteringInterval": 15,
    "maxEnergyConsumptions": [
        100.0,
        100.0,
        100.0,
        100.0,
        100.0,
        100.0,
        100.0,
        100.0,
        100.0,
        100.0,
        100.0,
        100.0,
        100.0,
        100.0,
        100.0,
        100.0,
        100.0,
        100.0,
        100.0,
        100.0,
        100.0,
        100.0,
        100.0,
        100.0,
        100.0,
        100.0,
        100.0,
        100.0,
        100.0,
        100.0
    ],
    "metadata": {}
}