{
    "numOperations": 10,
    "releaseTimes": [
        20,
        21,
        28,
        33,
        41,
        60,
        77,
        84,
        84,
        108
    ],
    "dueDates": [
        43,
        35,
        53,
        75,
        65,
        91,
        102,
        106,
        116,
        146
    ],
    "processingTimes": [
        6,
        8,
        14,
        14,
        11,
        3,
        3,
        6,
        15,
        12
    ],
    "powerConsumptions": [
        9.42907742700588,
        11.697194117248348,
        4.495927979631415,
        2.385220417208959,
        4.6288365510643,
        13.653309330861847,
        28.155336211193686,
        13.073736300931918,
        2.1316100813965117,
        4.701924237981682
    ],
    "maxDeviation": 0,
    "numMeteringIntervals": 30,
    "lengthMeteringInterval": 15,
    "maxEnergyConsumptions": [
        100.0,
        100.0,
        100.0,
        100.0,
        100.0,
        100.0,
        100.0,
        100.0,
        100.0,
        100.0,
        100.0,
        100.0,
        100.0,
        100.0,
        100.0,
        100.0,
        100.0,
        100.0,
        100.0,
        100.0,
        100.0,
        100.0,
        100.0,
        100.0,
        100.0,
        100.0,
        100.0,
        100.0,
        100.0,
        100.0
    ],
    "metadata": {}
}