{
    "numOperations": 10,
    "releaseTimes": [
        2,
        18,
        21,
        44,
        47,
        64,
        69,
        73,
        76,
        76
    ],
    "dueDates": [
        38,
        50,
        31,
        69,
        70,
        85,
        106,
        82,
        103,
        97
    ],
    "processingTimes": [
        12,
        10,
        3,
        6,
        8,
        14,
        13,
        5,
        12,
        12
    ],
    "powerConsumptions": [
        7.2700082827173448,
        6.236100801223523,
        32.63170997569524,
        15.705536185757153,
        11.693129840118918,
        6.615964869992297,
        6.602361327071721,
        12.324083588064572,
        7.289511741034701,
        5.059999101769102
    ],
    "maxDeviation": 0,
    "numMeteringIntervals": 30,
    "lengthMeteringInterval": 15,
    "maxEnergyConsumptions": [
        100.0,
        100.0,
        100.0,
        100.0,
        100.0,
        100.0,
        100.0,
        100.0,
        100.0,
        100.0,
        100.0,
        100.0,
        100.0,
        100.0,
        100.0,
        100.0,
        100.0,
        100.0,
        100.0,
        100.0,
        100.0,
        100.0,
        100.0,
        100.0,
        100.0,
        100.0,
        100.0,
        100.0,
        100.0,
        100.0
    ],
    "metadata": {}
}