{
    "numOperations": 10,
    "releaseTimes": [
        9,
        9,
        13,
        26,
        31,
        58,
        64,
        71,
        73,
        75
    ],
    "dueDates": [
        34,
        28,
        18,
        41,
        54,
        80,
        75,
        95,
        95,
        97
    ],
    "processingTimes": [
        4,
        9,
        3,
        6,
        12,
        4,
        6,
        13,
        7,
        4
    ],
    "powerConsumptions": [
        8.421378084532515,
        8.861449802289834,
        19.69328825791069,
        10.286700556266402,
        2.5382095642222866,
        18.242511146492139,
        7.782470894428681,
        3.7272215837626376,
        9.601875649286,
        15.363634897393311
    ],
    "maxDeviation": 0,
    "numMeteringIntervals": 30,
    "lengthMeteringInterval": 15,
    "maxEnergyConsumptions": [
        100.0,
        100.0,
        100.0,
        100.0,
        100.0,
        100.0,
        100.0,
        100.0,
        100.0,
        100.0,
        100.0,
        100.0,
        100.0,
        100.0,
        100.0,
        100.0,
        100.0,
        100.0,
        100.0,
        100.0,
        100.0,
        100.0,
        100.0,
        100.0,
        100.0,
        100.0,
        100.0,
        100.0,
        100.0,
        100.0
    ],
    "metadata": {}
}