{
    "numOperations": 15,
    "releaseTimes": [
        12,
        21,
        21,
        33,
        47,
        55,
        63,
        71,
        71,
        81,
        105,
        105,
        109,
        109,
        111
    ],
    "dueDates": [
        37,
        43,
        48,
        37,
        67,
        69,
        77,
        78,
        91,
        90,
        122,
        116,
        124,
        123,
        120
    ],
    "processingTimes": [
        11,
        11,
        14,
        4,
        6,
        8,
        10,
        7,
        9,
        7,
        15,
        8,
        14,
        9,
        8
    ],
    "powerConsumptions": [
        6.277233540303744,
        7.469265667993793,
        5.269900301703721,
        24.119640012499663,
        11.260935043317704,
        10.534550933153636,
        8.231799027333789,
        13.93564103727105,
        5.7486821544309329,
        8.775540659853827,
        5.625892682074261,
        11.359889406445012,
        4.194435002373204,
        6.518820316712177,
        9.904462795517697
    ],
    "maxDeviation": 5,
    "numMeteringIntervals": 45,
    "lengthMeteringInterval": 15,
    "maxEnergyConsumptions": [
        100.0,
        100.0,
        100.0,
        100.0,
        100.0,
        100.0,
        100.0,
        100.0,
        100.0,
        100.0,
        100.0,
        100.0,
        100.0,
        100.0,
        100.0,
        100.0,
        100.0,
        100.0,
        100.0,
        100.0,
        100.0,
        100.0,
        100.0,
        100.0,
        100.0,
        100.0,
        100.0,
        100.0,
        100.0,
        100.0,
        100.0,
        100.0,
        100.0,
        100.0,
        100.0,
        100.0,
        100.0,
        100.0,
        100.0,
        100.0,
        100.0,
        100.0,
        100.0,
        100.0,
        100.0
    ],
    "metadata": {}
}