{
    "numOperations": 15,
    "releaseTimes": [
        3,
        13,
        21,
        31,
        50,
        51,
        52,
        65,
        69,
        84,
        88,
        89,
        90,
        93,
        94
    ],
    "dueDates": [
        9,
        22,
        37,
        51,
        65,
        53,
        67,
        78,
        81,
        100,
        96,
        112,
        99,
        102,
        97
    ],
    "processingTimes": [
        1,
        5,
        8,
        10,
        12,
        1,
        14,
        9,
        5,
        6,
        5,
        12,
        9,
        3,
        1
    ],
    "powerConsumptions": [
        73.62041797945614,
        10.146504863149492,
        11.24042556570977,
        8.412666731090898,
        7.722144806844057,
        74.27008265237945,
        6.3941557770699879,
        9.359794027303572,
        16.783396234582903,
        16.488741814823766,
        18.7115553296001,
        4.530387357586739,
        7.272322058757652,
        20.9574738453758,
        79.16036250773328
    ],
    "maxDeviation": 5,
    "numMeteringIntervals": 45,
    "lengthMeteringInterval": 15,
    "maxEnergyConsumptions": [
        100.0,
        100.0,
        100.0,
        100.0,
        100.0,
        100.0,
        100.0,
        100.0,
        100.0,
        100.0,
        100.0,
        100.0,
        100.0,
        100.0,
        100.0,
        100.0,
        100.0,
        100.0,
        100.0,
        100.0,
        100.0,
        100.0,
        100.0,
        100.0,
        100.0,
        100.0,
        100.0,
        100.0,
        100.0,
        100.0,
        100.0,
        100.0,
        100.0,
        100.0,
        100.0,
        100.0,
        100.0,
        100.0,
        100.0,
        100.0,
        100.0,
        100.0,
        100.0,
        100.0,
        100.0
    ],
    "metadata": {}
}